Rk,Player,Pos,Age,Tm,G,MP,PER,TS%,3PAr,FTr,ORB%,DRB%,TRB%,AST%,STL%,BLK%,TOV%,USG%,,OWS,DWS,WS,WS/48,,OBPM,DBPM,BPM,VORP
1,Alex Abrines,SG,25,OKC,31,588,6.3,0.507,0.809,0.083,0.9,7.7,4.2,4.3,1.3,0.8,7.9,12.2,,0.1,0.6,0.7,0.053,,-2.4,-1,-3.4,-0.2
2,Quincy Acy,PF,28,PHO,10,123,2.9,0.379,0.833,0.556,2.7,20.5,11.4,8.2,0.4,2.7,15.2,9.2,,-0.1,0,-0.1,-0.021,,-5.7,-0.3,-6,-0.1
3,Jaylen Adams,PG,22,ATL,15,102,9.1,0.523,0.696,0.087,3.1,10.6,6.8,19.2,1.4,1.7,17.3,11.6,,0.1,0,0.1,0.055,,-2.2,-1.6,-3.8,0
4,Steven Adams,C,25,OKC,60,2028,19.1,0.606,0.002,0.383,13.9,15.3,14.6,6.8,2.2,1.8,12.2,16.6,,4.4,3.1,7.4,0.176,,1,1.9,2.9,2.5
5,Bam Adebayo,C,21,MIA,62,1378,17,0.612,0.028,0.552,9.6,22.8,16.2,13.7,1.7,3.1,17.3,15.1,,2.4,2.2,4.7,0.162,,-0.8,3.3,2.5,1.6
6,Deng Adel,SF,21,CLE,12,158,2.2,0.405,0.667,0.067,1.3,8.1,4.6,3.4,0.3,2.2,13.9,9.9,,-0.2,0,-0.2,-0.065,,-5.5,-1.7,-7.2,-0.2
7,DeVaughn Akoon-Purcell,SG,25,DEN,7,22,8.3,0.322,0.4,0.2,4.9,14.8,9.9,36.7,4.4,0,15.5,24.8,,-0.1,0,0,-0.046,,-4.2,0.5,-3.7,0
8,LaMarcus Aldridge,C,33,SAS,63,2058,22.6,0.569,0.025,0.322,10.3,19.3,14.8,12.3,0.8,3.2,8.9,27.1,,4.8,1.9,6.7,0.156,,1.2,0.1,1.3,1.7
9,Rawle Alkins,SG,21,CHI,3,6,37.9,0.375,0.25,0,54.7,0,27.3,51.7,8.1,0,0,29.3,,0,0,0,0.355,,20.1,7.4,27.5,0
10,Grayson Allen,SG,23,UTA,29,286,4,0.446,0.631,0.342,0.4,3.7,2.1,8.9,0.7,0.8,11.1,21.5,,-0.4,0.2,-0.2,-0.034,,-4.7,-3.3,-8,-0.4
11,Jarrett Allen,C,20,BRK,63,1683,18.6,0.622,0.087,0.452,9.7,24.1,16.9,8.3,1,4.6,12.9,16.2,,3.4,2.4,5.8,0.166,,-0.6,3,2.4,1.8
12,Kadeem Allen,SG,26,NYK,10,225,17.2,0.578,0.211,0.342,2.2,11.6,6.7,31.3,1.7,0.4,11.2,18.5,,0.5,0.1,0.6,0.137,,1.2,-2,-0.8,0.1
13,Al-Farouq Aminu,PF,28,POR,62,1790,13.6,0.581,0.49,0.3,5.5,22.6,14.3,6.2,1.5,1.1,9.1,13,,2.8,2.2,4.9,0.132,,0.4,1.1,1.5,1.6
14,Justin Anderson,SF,25,ATL,33,254,8.6,0.468,0.46,0.241,4.6,14.5,9.5,7.2,2,2.4,12.7,17.7,,-0.2,0.2,0,0,,-4.4,-1,-5.4,-0.2
15,Kyle Anderson,SF,25,MEM,43,1281,12.9,0.569,0.123,0.232,4.1,18.3,11.1,15.2,2.1,2.8,16,12.8,,0.8,2,2.8,0.107,,-2.2,3.5,1.4,1.1
16,Ryan Anderson,PF,30,TOT,19,294,5.1,0.437,0.569,0.246,6,12.4,9.1,8.2,0.5,0.3,15.3,12.4,,-0.2,0,-0.2,-0.031,,-4.1,-2.2,-6.3,-0.3
16,Ryan Anderson,PF,30,PHO,15,278,4.6,0.423,0.567,0.233,5.5,12.8,9.1,8.1,0.5,0.3,15.4,12.1,,-0.2,0,-0.2,-0.038,,-4.4,-2.1,-6.5,-0.3
16,Ryan Anderson,PF,30,MIA,4,16,13.3,0.595,0.6,0.4,13.4,6.7,10,9,0,0,14.5,18.4,,0,0,0,0.1,,1.2,-3.8,-2.6,0
17,Ike Anigbogu,C,20,IND,3,6,-6,0,0,0,19.1,36.3,27.9,19.2,0,15,25,29.2,,-0.1,0,-0.1,-0.473,,-22.6,8.6,-13.9,0
18,Giannis Antetokounmpo,PF,24,MIL,58,1915,30.3,0.637,0.144,0.53,7.6,30.4,19.7,30.3,1.9,3.8,15.1,31.9,,6.8,4.6,11.4,0.285,,5.3,5.2,10.6,6.1
19,Carmelo Anthony,PF,34,HOU,10,294,11,0.513,0.529,0.182,3.3,17.8,10.3,2.7,0.7,2,5.8,20.4,,0.1,0.2,0.2,0.04,,-3,-3.4,-6.4,-0.3
20,OG Anunoby,SF,21,TOR,52,1050,9.3,0.531,0.509,0.13,4.1,11.9,8,4.4,1.5,1,9.5,15.4,,0.2,1.2,1.4,0.062,,-1.4,-0.2,-1.6,0.1
21,Ryan Arcidiacono,PG,24,CHI,62,1535,10.5,0.588,0.64,0.205,1,9.8,5.4,19.4,1.7,0.1,13.5,10.2,,2,0.8,2.8,0.088,,-0.3,-0.9,-1.2,0.3
22,Trevor Ariza,SF,33,TOT,58,2054,11.8,0.526,0.589,0.215,2.3,15.6,8.8,15.1,2,0.7,12.2,16.5,,0.8,1.2,2,0.046,,-0.4,-0.2,-0.6,0.7
22,Trevor Ariza,SF,33,PHO,26,884,10.6,0.525,0.612,0.189,2,16.7,9.2,13.6,2.1,0.8,13.7,13.9,,0.2,0.5,0.7,0.036,,-1.2,0.3,-0.9,0.2
22,Trevor Ariza,SF,33,WAS,32,1170,12.7,0.527,0.577,0.229,2.5,14.8,8.5,16.2,1.9,0.6,11.4,18.5,,0.6,0.7,1.3,0.053,,0.2,-0.5,-0.3,0.5
23,D.J. Augustin,PG,31,ORL,63,1733,15.5,0.629,0.479,0.347,1.9,7,4.4,25.7,1,0.1,14.5,16.7,,4,1.3,5.2,0.145,,1.7,-2.1,-0.4,0.7
24,Deandre Ayton,C,20,PHO,58,1794,21.1,0.617,0.006,0.229,11.3,26.9,18.9,10.5,1.4,2.4,11.6,21.1,,3.8,1.4,5.2,0.14,,0.5,0.4,0.9,1.3
25,Dwayne Bacon,SG,23,CHO,25,265,11.8,0.622,0.298,0.143,1.2,14.9,7.9,9.6,0.5,0.3,11.8,16.4,,0.3,0.1,0.4,0.078,,-1.7,-2.6,-4.3,-0.2
26,Marvin Bagley,PF,19,SAC,47,1165,18.2,0.566,0.127,0.405,10.1,19.8,14.8,5.9,1.1,3.4,11.7,23,,1.4,1.3,2.7,0.11,,-1.3,-0.1,-1.5,0.2
27,Ron Baker,SG,25,TOT,15,152,2.5,0.309,0.65,0.3,0.7,7.2,3.9,12.7,1.9,0.6,18.1,7.7,,-0.2,0.1,-0.1,-0.034,,-5.8,-0.7,-6.5,-0.2
27,Ron Baker,SG,25,NYK,11,107,4.4,0.376,0.563,0.375,0.9,6.1,3.4,15.9,2.2,0,13.9,8.6,,0,0,0,0.002,,-4.5,-1.4,-5.8,-0.1
27,Ron Baker,SG,25,WAS,4,45,-2,0,1,0,0,10,4.9,5.1,1,1.9,33.3,5.7,,-0.1,0,-0.1,-0.12,,-9,0.8,-8.3,-0.1
28,Wade Baldwin,PG,22,POR,16,94,1.4,0.396,0.273,0.333,2.3,14.4,8.5,16.8,0.5,1.7,27,23.3,,-0.4,0.1,-0.3,-0.153,,-9.4,-1.3,-10.7,-0.2
29,Lonzo Ball,PG,21,LAL,47,1423,11.8,0.487,0.5,0.105,4,14,9.1,23.7,2.3,1.1,17.8,16.9,,-0.1,1.7,1.6,0.053,,-0.9,1.4,0.5,0.9
30,Mohamed Bamba,C,20,ORL,47,766,15,0.539,0.288,0.259,8.9,24,16.3,7.5,0.8,6.9,13.7,17.9,,0.3,1.4,1.7,0.104,,-3.2,3.1,-0.1,0.4
31,J.J. Barea,PG,34,DAL,38,752,16.4,0.495,0.332,0.203,1.9,11.6,6.8,48.2,1.4,0.1,14.7,28,,0.5,0.6,1.1,0.071,,1.2,-2.1,-0.9,0.2
32,Harrison Barnes,PF-SF,26,TOT,57,1872,12.6,0.532,0.434,0.271,2.7,12.1,7.4,6.7,1.1,0.5,8,22.3,,1,1.4,2.4,0.063,,-1,-1.7,-2.7,-0.3
32,Harrison Barnes,PF,26,DAL,49,1584,13.2,0.538,0.434,0.276,2.5,11.4,7,6.4,1,0.6,7.8,23.6,,1,1.2,2.2,0.066,,-0.8,-2,-2.8,-0.3
32,Harrison Barnes,SF,26,SAC,8,288,9.3,0.48,0.437,0.23,3.8,15.6,9.6,8.4,1.4,0.3,9.5,15.1,,0,0.2,0.3,0.042,,-2.1,-0.2,-2.3,0
33,Will Barton,SG,28,DEN,23,634,13,0.519,0.388,0.196,3.6,15.4,9.5,17.4,0.7,1.8,11.4,20.5,,0.5,0.6,1.1,0.083,,-0.7,-0.6,-1.3,0.1
34,Keita Bates-Diop,SF,23,MIN,10,76,9.6,0.448,0.474,0.263,2.8,19.9,11.3,3.5,1.3,4.5,4.5,12.2,,0,0.1,0.1,0.038,,-4.6,0.7,-3.9,0
35,Nicolas Batum,SF,30,CHO,62,1971,12.5,0.594,0.516,0.167,3.1,14.9,8.9,15,1.5,1.6,16.3,13.4,,2,1.6,3.6,0.088,,0.4,0.9,1.3,1.6
36,Jerryd Bayless,PG,30,MIN,21,431,7.4,0.412,0.5,0.08,1.7,7.8,4.7,23.8,1.2,0.2,10.9,16.9,,-0.2,0.1,0,-0.005,,-2.4,-2.8,-5.2,-0.4
37,Aron Baynes,C,32,BOS,34,507,15,0.574,0.324,0.311,12.5,18.4,15.5,10.3,0.6,3.9,14.3,16.7,,0.9,0.7,1.6,0.151,,-0.5,1.2,0.7,0.3
38,Kent Bazemore,SG,29,ATL,49,1264,13.1,0.526,0.411,0.256,2.2,13.9,8,13.8,2.8,2.6,14.1,22.4,,-0.3,1.2,0.9,0.035,,-1.7,0.3,-1.3,0.2
39,Bradley Beal,SG,25,WAS,62,2319,20.4,0.585,0.369,0.263,3.2,11.9,7.5,23.5,1.8,1.8,11.6,28.4,,4.2,1.3,5.5,0.115,,3.6,-1,2.6,2.7
40,Malik Beasley,SG,22,DEN,62,1494,15,0.629,0.529,0.083,2,9.5,5.8,7.4,1.3,0.5,6.2,17.4,,3,1.2,4.2,0.136,,2.1,-1.9,0.2,0.8
41,Michael Beasley,PF,30,LAL,26,277,16,0.532,0.111,0.255,5,17.1,11.2,14.6,1.5,2.9,13.7,29.5,,-0.1,0.3,0.2,0.04,,-3.7,-0.6,-4.2,-0.2
42,Marco Belinelli,SG,32,SAS,62,1422,13.1,0.57,0.576,0.202,1,10.5,5.8,11.2,1,0.5,8.6,20,,1.6,0.7,2.3,0.078,,1.2,-2.6,-1.4,0.2
43,Jordan Bell,C,24,GSW,52,597,14.5,0.555,0.015,0.243,8.2,17.4,13,12.7,1.5,5.8,14.7,12.6,,0.8,0.8,1.6,0.128,,-2,3.2,1.2,0.5
44,DeAndre' Bembry,SG,24,ATL,63,1542,9.7,0.496,0.285,0.207,2.5,16.7,9.5,14.3,2.3,2,17.5,16.6,,-1,1.3,0.3,0.01,,-3.7,1,-2.7,-0.3
45,Dragan Bender,PF,21,PHO,28,361,8.2,0.507,0.568,0.274,4.9,20.6,12.6,8.2,0.9,0.7,15.8,15.1,,-0.1,0.1,0,-0.002,,-3.8,-1.9,-5.7,-0.3
46,Davis Bertans,PF,26,SAS,58,1248,13.8,0.668,0.74,0.136,1.8,15.8,8.8,7.4,1.1,2,8.8,13.5,,2.3,1,3.3,0.127,,2.2,-0.3,1.9,1.2
47,Patrick Beverley,PG,30,LAC,64,1743,11.4,0.559,0.584,0.289,3.6,15.2,9.6,17.5,1.4,1.7,14,12.1,,2.1,1.6,3.7,0.103,,0.9,1.3,2.1,1.8
48,Khem Birch,C,26,ORL,32,375,18,0.661,0.013,0.48,10.2,20.3,15.2,8.7,1.4,4.9,11.7,12,,0.9,0.6,1.6,0.2,,-0.9,3.4,2.5,0.4
49,Bismack Biyombo,C,26,CHO,36,516,15.4,0.619,0,0.68,10.5,24,17.2,5,0.8,5.9,13.7,12.1,,0.9,0.6,1.6,0.148,,-2.4,2.2,-0.2,0.2
50,Nemanja Bjelica,PF,30,SAC,58,1329,15.6,0.595,0.445,0.153,7,18.5,12.7,11.2,1.5,3.1,13.1,16.8,,1.9,1.5,3.4,0.122,,0.9,1.5,2.4,1.5
51,Antonio Blakeney,SG,22,CHI,43,596,11.6,0.503,0.247,0.196,1.1,11.2,6.1,6.7,0.8,1.2,7.3,25.1,,-0.5,0.2,-0.2,-0.016,,-4.3,-3.8,-8.1,-0.9
52,Eric Bledsoe,PG,29,MIL,61,1784,19.4,0.584,0.396,0.224,4,12.1,8.3,27,2.2,1.1,13.3,22.7,,3.7,3,6.7,0.18,,2.8,0.9,3.7,2.6
53,Jaron Blossomgame,SF,25,CLE,27,439,10.2,0.51,0.368,0.123,6.3,19,12.4,4.3,0.8,1.6,9,12.2,,0.2,0.1,0.3,0.031,,-3,-1.5,-4.5,-0.3
54,Bogdan Bogdanovic,SG,26,SAC,50,1421,14.4,0.524,0.421,0.194,1.7,12.1,6.8,20.3,1.8,0.7,11.1,23,,0.8,1.2,2,0.068,,0.5,-0.9,-0.5,0.5
55,Bojan Bogdanovic,SF,29,IND,64,2030,15.8,0.616,0.374,0.279,1.7,12.2,7.1,8.8,1.3,0,10.2,21.8,,3.2,2.3,5.5,0.13,,1.4,-1.3,0,1
56,Jonah Bolden,PF,23,PHI,33,436,12.6,0.621,0.564,0.173,7.4,20.8,14.3,7.3,1.1,5.4,19.1,14.1,,0.3,0.7,0.9,0.102,,-1.3,2.1,0.8,0.3
57,Isaac Bonga,PG,19,LAL,8,31,9.4,0.306,0.2,0.7,10.3,9.8,10,23.5,4.5,0,13.3,20.2,,-0.1,0,0,-0.027,,-4.9,1.3,-3.6,0
58,Devin Booker,SG,22,PHO,49,1709,18.4,0.57,0.341,0.341,1.9,11.2,6.4,33.2,1.2,0.4,15.6,31.6,,1.8,0.2,2,0.056,,2.8,-3.1,-0.3,0.7
59,Chris Boucher,PF,26,TOR,19,100,27.1,0.58,0.519,0.25,13.2,19.2,16.2,0,1.4,14.8,3.3,25.5,,0.3,0.2,0.5,0.254,,0,0.5,0.5,0.1
60,Avery Bradley,SG,28,TOT,57,1709,7.1,0.487,0.397,0.076,2.6,7.4,5.1,10.9,1,0.7,12.1,15.5,,-0.7,0.9,0.2,0.006,,-1.9,-0.8,-2.7,-0.3
60,Avery Bradley,SG,28,LAC,49,1463,5.6,0.464,0.41,0.06,2.6,6.8,4.8,9,0.9,0.9,12.4,14.2,,-1,0.6,-0.3,-0.011,,-2.4,-0.6,-3,-0.4
60,Avery Bradley,SG,28,MEM,8,246,16,0.577,0.349,0.142,2.7,11.3,6.9,22.1,1.4,0,11.1,23.2,,0.3,0.2,0.5,0.105,,1,-1.9,-0.9,0.1
61,Tony Bradley,C,21,UTA,1,9,-10.4,0,0,0,24.3,11.9,18,0,0,0,25,19,,-0.1,0,-0.1,-0.341,,-17.3,-5.5,-22.8,0
62,Corey Brewer,SF,32,TOT,11,208,11.9,0.532,0.361,0.278,2.6,8,5.4,11.4,2.9,1.2,10,18,,0.1,0.2,0.4,0.081,,-1.4,-0.5,-1.9,0
62,Corey Brewer,SF,32,PHI,7,140,10.7,0.484,0.286,0.265,3.2,9.7,6.5,10,4,1.1,12.8,18.8,,-0.1,0.2,0.1,0.046,,-3.1,1,-2.1,0
62,Corey Brewer,SF,32,SAC,4,68,14.2,0.633,0.522,0.304,1.5,4.6,3,14.3,0.7,1.3,3.7,16.4,,0.2,0,0.2,0.154,,2,-3.4,-1.4,0
63,Mikal Bridges,SF,22,PHO,64,1793,11.1,0.561,0.585,0.195,2.6,9.9,6.2,9.8,2.7,1.4,10.5,12.4,,1.3,1,2.3,0.061,,-0.4,0.5,0.1,1
64,Miles Bridges,SF,20,CHO,60,1151,12,0.536,0.388,0.187,3.7,16.5,10,6.9,1.5,2.8,9.5,15.3,,0.6,1.1,1.7,0.07,,-2,0.4,-1.6,0.1
65,Isaiah Briscoe,PG,22,ORL,37,515,6.9,0.458,0.24,0.208,0.8,14.4,7.5,21.2,0.9,0.3,17,14,,-0.2,0.5,0.3,0.023,,-5,-0.5,-5.5,-0.5
66,Ryan Broekhoff,SG,28,DAL,29,234,10.5,0.578,0.757,0.029,1.4,12.7,7.1,9.6,0.4,1.1,6.6,13.9,,0.3,0.2,0.4,0.088,,-0.8,-1.7,-2.5,0
67,Malcolm Brogdon,SG,26,MIL,58,1697,18.3,0.619,0.321,0.207,3.8,12.2,8.2,16.5,1.1,0.6,10,20.8,,4.2,2.2,6.4,0.181,,2.2,-0.3,1.9,1.7
68,Dillon Brooks,SF,23,MEM,18,330,7.7,0.499,0.328,0.246,3,7.7,5.3,7.8,1.5,1.2,12.3,21.1,,-0.3,0.3,0,0.002,,-4.3,-1.6,-5.9,-0.3
69,MarShon Brooks,SG,30,MEM,29,387,11.7,0.518,0.32,0.195,3.4,9.9,6.6,11.2,1.2,1,10.3,23.8,,-0.2,0.4,0.2,0.024,,-3,-2.4,-5.3,-0.3
70,Bruce Brown,SG,22,DET,54,1092,6.4,0.452,0.298,0.194,3.7,11.5,7.5,9,1,2,11.9,12.5,,-0.4,1.2,0.8,0.035,,-4.1,1.4,-2.7,-0.2
71,Jaylen Brown,SG,22,BOS,58,1501,13.1,0.532,0.346,0.248,3.8,14.4,9.1,7.8,1.8,1.6,10.4,22.2,,0.2,2.1,2.3,0.073,,-2,-0.3,-2.2,-0.1
72,Lorenzo Brown,PG,28,TOR,26,212,6.4,0.38,0.394,0.042,2.6,13.1,7.9,17.3,2.7,1.9,18.1,17.8,,-0.5,0.3,-0.1,-0.029,,-5.6,1.5,-4.1,-0.1
73,Sterling Brown,SG,23,MIL,48,769,10.3,0.563,0.521,0.117,3.4,13.9,9,10.1,1.2,0.5,12.5,14,,0.5,1.1,1.6,0.1,,-1.4,0.1,-1.3,0.1
74,Troy Brown,SF,19,WAS,32,239,12,0.468,0.25,0.275,4,18.3,11,18.3,1.8,0.7,9.1,17.5,,0.1,0.2,0.2,0.046,,-3.3,-1,-4.3,-0.1
75,Jalen Brunson,PG,22,DAL,54,1026,11.1,0.514,0.316,0.196,1.8,10.1,6,20.6,1.3,0.2,12.6,18.6,,0.4,0.8,1.2,0.055,,-2,-1.2,-3.3,-0.3
76,Thomas Bryant,C,21,WAS,52,1000,21.7,0.688,0.169,0.266,8.2,25.7,16.8,9.9,0.9,3.8,9.5,17.4,,3.1,0.9,4,0.191,,1.3,0.6,1.9,1
77,Reggie Bullock,SG,27,TOT,52,1601,10.9,0.572,0.662,0.145,1.4,8.7,5,11.2,0.9,0.5,9.9,15.8,,1.7,1.2,2.9,0.087,,0.5,-0.8,-0.4,0.7
77,Reggie Bullock,SG,27,DET,44,1355,11,0.569,0.667,0.145,1.6,8.6,4.9,12,0.9,0.3,10.3,16.5,,1.4,1,2.4,0.086,,0.7,-1,-0.3,0.6
77,Reggie Bullock,SG,27,LAL,8,246,10.2,0.591,0.629,0.145,0.4,9.4,5,6.8,1.3,1.6,7,12,,0.2,0.2,0.4,0.088,,-0.8,-0.1,-0.8,0.1
78,Trey Burke,PG,26,TOT,42,824,15.7,0.502,0.255,0.214,2.6,7.5,5,22.7,1.6,0.5,7.7,25.4,,0.6,0.3,1,0.055,,0,-2.9,-2.9,-0.2
78,Trey Burke,PG,26,NYK,33,689,15.7,0.496,0.24,0.209,2.2,7.4,4.7,23.2,1.5,0.6,6.9,25.8,,0.5,0.2,0.7,0.048,,0,-3.2,-3.2,-0.2
78,Trey Burke,PG,26,DAL,9,135,15.8,0.538,0.345,0.241,4.8,7.9,6.4,20.6,2.5,0,12.3,23.2,,0.1,0.1,0.3,0.095,,0,-1.3,-1.3,0
79,Alec Burks,SG,27,TOT,58,1333,12.8,0.524,0.356,0.301,2.3,17,9.4,13.8,1.3,1.3,10.6,19.4,,0.8,0.7,1.4,0.052,,-1.4,-0.8,-2.3,-0.1
79,Alec Burks,SG,27,UTA,17,269,12.6,0.547,0.377,0.333,0.8,10,5.4,11.5,1.1,1.2,10.3,23.2,,0.2,0.3,0.5,0.081,,-2,-1.6,-3.6,-0.1
79,Alec Burks,SG,27,CLE,34,979,13.2,0.517,0.35,0.288,2.8,18.9,10.5,15.2,1.3,1.4,10.7,19.2,,0.6,0.3,0.9,0.043,,-1,-0.7,-1.8,0.1
79,Alec Burks,SG,27,SAC,7,85,8.4,0.523,0.333,0.333,1.2,17.2,9,5.8,1.6,1,10.4,9.3,,0,0.1,0.1,0.059,,-4,0.5,-3.5,0
80,Deonte Burton,SG,25,OKC,23,200,7.9,0.511,0.318,0.121,1.5,10,5.7,4.7,1.2,3.3,11.5,16,,-0.1,0.2,0.2,0.044,,-5.2,-0.2,-5.4,-0.2
81,Jimmy Butler,SF-SG,29,TOT,51,1714,20.8,0.58,0.227,0.39,5.7,10.8,8.3,18.2,2.8,1.5,8.1,22.4,,4.5,2.1,6.5,0.183,,2.9,0.7,3.6,2.4
81,Jimmy Butler,SG,29,MIN,10,361,22.4,0.579,0.287,0.389,4.7,10.8,7.7,18.3,3.2,2.4,7.1,22.9,,1,0.4,1.4,0.185,,3.8,1,4.8,0.6
81,Jimmy Butler,SF,29,PHI,41,1353,20.4,0.58,0.21,0.39,6,10.8,8.4,18.1,2.6,1.2,8.4,22.2,,3.5,1.7,5.1,0.182,,2.7,0.6,3.3,1.8
82,Bruno Caboclo,SF,23,MEM,16,342,10.1,0.526,0.633,0.178,4.9,14.9,9.8,8.3,1,4.7,12.6,14.6,,0.1,0.5,0.5,0.072,,-2.4,1.7,-0.7,0.1
83,Jose Calderon,PG,37,DET,46,621,7.1,0.46,0.475,0.093,1.5,8.5,4.9,24.9,1.3,0.4,22.2,10.9,,0,0.6,0.6,0.045,,-3.9,-1,-4.9,-0.4
84,Kentavious Caldwell-Pope,SG,25,LAL,63,1468,12,0.569,0.574,0.224,2.5,9.1,5.9,6.3,1.7,0.5,7.7,16.5,,1.5,1.2,2.7,0.089,,0.1,-1.1,-1.1,0.3
85,Isaiah Canaan,PG,27,TOT,30,629,8,0.518,0.585,0.146,1,9.3,5.1,18.3,1.1,0.3,16.7,14.2,,0.1,0.1,0.1,0.01,,-2.4,-2.7,-5,-0.5
85,Isaiah Canaan,PG,27,PHO,19,503,7.4,0.515,0.558,0.155,1.1,10,5.5,17.1,1.1,0,17.4,14.3,,-0.1,0,-0.1,-0.006,,-2.7,-2.5,-5.1,-0.4
85,Isaiah Canaan,PG,27,MIN,7,95,12.4,0.536,0.655,0.138,0,5.7,2.8,27,1,0.9,11.5,15.3,,0.1,0,0.2,0.088,,-0.4,-4.5,-4.9,-0.1
85,Isaiah Canaan,PG,27,MIL,4,31,5.3,0.5,0.833,0,3.5,9.4,6.6,11.6,0,2.7,25,10.9,,0,0,0,0.032,,-4.1,-0.1,-4.2,0
86,Clint Capela,C,24,HOU,47,1608,23.5,0.643,0,0.336,15,26.7,20.6,7,0.9,4.4,10.2,18.6,,5.3,1.7,6.9,0.207,,1.1,1.1,2.2,1.7
87,DeMarre Carroll,SF,32,BRK,52,1326,12.2,0.539,0.526,0.454,4.4,17.8,11.1,7.4,0.9,0.5,9.3,18.8,,1.2,1.1,2.3,0.083,,-1,-1,-2,0
88,Jevon Carter,PG,23,MEM,27,395,4.8,0.36,0.534,0.121,1.4,9.7,5.4,16.4,2.8,2.4,15.8,16.6,,-1,0.6,-0.4,-0.047,,-6.1,1.1,-5,-0.3
89,Vince Carter,SF,42,ATL,58,944,11.9,0.577,0.662,0.131,2.7,14.5,8.5,8.7,1.5,1.7,10.1,16.7,,0.8,0.5,1.4,0.069,,-0.3,-1.5,-1.9,0
90,Wendell Carter,C,19,CHI,44,1110,15.2,0.541,0.086,0.302,8.6,21.7,15.1,10.8,1.1,4.6,13.4,19.2,,0.7,1.2,2,0.085,,-2.4,2.1,-0.3,0.5
91,Michael Carter-Williams,PG,27,HOU,16,145,12.7,0.476,0.311,0.426,2.3,8,5,22.9,3,3.5,12.1,24.6,,0,0.1,0.1,0.036,,-3.2,-1,-4.1,-0.1
92,Alex Caruso,PG,24,LAL,6,21,9.8,0.521,0.25,1,5.1,0,2.5,6,0,7.6,0,11.4,,0,0,0,0.08,,-2.9,0.7,-2.1,0
93,Omri Casspi,SF,30,MEM,36,520,15.9,0.606,0.267,0.36,3.6,21.8,12.5,8.2,1.9,1.7,11,18.2,,0.6,0.8,1.4,0.126,,-2,0.4,-1.6,0.1
94,Willie Cauley-Stein,C,25,SAC,62,1735,17.6,0.551,0.003,0.342,8.5,22.7,15.4,12.5,2,2.2,9.4,18.4,,2.5,2.3,4.9,0.135,,-0.4,2.3,1.9,1.7
95,Troy Caupain,PG,23,ORL,2,9,33,0.625,0.5,0,0,24.2,11.9,54.9,5.4,0,0,19.4,,0.1,0,0.1,0.397,,9.3,2.3,11.6,0
96,Tyler Cavanaugh,PF,24,UTA,8,19,5.5,0.436,0.5,0.333,5.8,16.9,11.4,0,0,0,12.7,17.7,,0,0,0,-0.025,,-8,-5.5,-13.5,-0.1
97,Tyson Chandler,C,36,TOT,53,846,11.4,0.625,0.01,0.856,11.5,25.1,18.4,5.4,1.2,2.1,22.6,8.5,,1,1.1,2.1,0.117,,-2.8,1.7,-1.1,0.2
97,Tyson Chandler,C,36,PHO,7,89,11.6,0.653,0,1.5,8.7,41.1,24.6,9.2,1.1,0.9,26,13,,0.1,0.1,0.2,0.092,,-5,0.1,-4.9,-0.1
97,Tyson Chandler,C,36,LAL,46,757,11.4,0.621,0.012,0.765,11.8,23.2,17.6,5,1.2,2.2,22,8,,0.9,1,1.9,0.12,,-2.5,1.9,-0.6,0.3
98,Wilson Chandler,PF,31,PHI,36,951,9.1,0.561,0.57,0.087,5.1,13.6,9.5,10,1.1,1.5,15.4,11.2,,0.6,0.9,1.5,0.076,,-0.7,0.8,0.1,0.5
99,Joe Chealey,PG,23,CHO,1,8,2,0.333,0,0,0,0,0,17.5,0,0,0,16.1,,0,0,0,-0.074,,-8.8,-8.1,-16.9,0
100,Marquese Chriss,PF,21,TOT,25,276,9.9,0.493,0.481,0.231,7.8,22.7,15,7.1,1.6,1.9,16.7,21.7,,-0.3,0.2,-0.1,-0.011,,-3.9,-1.9,-5.8,-0.3
100,Marquese Chriss,PF,21,HOU,16,104,3.5,0.391,0.441,0.206,7.3,23.5,15.1,8.3,0.9,3.3,24.4,20.4,,-0.3,0.1,-0.2,-0.111,,-9.1,-0.7,-9.9,-0.2
100,Marquese Chriss,PF,21,CLE,9,172,13.9,0.542,0.5,0.243,8.1,22.2,14.8,6.5,2,1,12.4,22.5,,0.1,0.1,0.2,0.05,,-0.8,-2.5,-3.3,-0.1
101,Gary Clark,PF,24,HOU,38,559,8.8,0.487,0.899,0.059,3.5,16.9,10,3.7,1.3,3.5,3.9,9.8,,0.3,0.4,0.7,0.061,,-2.5,0.2,-2.3,0
102,Ian Clark,SG,27,NOP,45,585,6.9,0.515,0.513,0.092,1.5,8.6,5.1,11.1,0.9,0.6,16.1,17,,-0.3,0.2,-0.1,-0.008,,-2.9,-2.6,-5.5,-0.5
103,Jordan Clarkson,SG,26,CLE,62,1668,17.1,0.535,0.379,0.154,4.1,10.3,7.1,16.4,1.4,0.6,9.7,28.6,,1.3,0,1.3,0.037,,1.7,-3.5,-1.8,0.1
104,John Collins,PF,21,ATL,46,1378,21.5,0.639,0.189,0.325,12.3,21.9,17,11.1,0.5,1.1,11.9,23.6,,3.9,0.6,4.5,0.157,,2.8,-1.9,1,1
105,Zach Collins,C,21,POR,60,1062,13.4,0.568,0.296,0.322,8.6,16.5,12.6,7.3,1,3.7,14.9,16.3,,1.1,1.2,2.4,0.107,,-1,1.1,0.2,0.6
106,Darren Collison,PG,31,IND,64,1803,16.6,0.577,0.303,0.27,2,9.9,6.1,29.4,2.4,0.4,14.7,17.1,,3.4,2.5,6,0.159,,1.2,0,1.2,1.5
107,Bonzie Colson,SF,23,MIL,1,3,-12.7,0,1,0,0,0,0,0,0,0,0,14,,0,0,0,-0.318,,-12.7,-4.2,-16.9,0
108,Mike Conley,PG,31,MEM,61,2032,20.3,0.553,0.381,0.334,2.1,9.6,5.8,33,2.1,1,9.6,27.2,,3.9,2.4,6.2,0.147,,3.9,-0.9,3,2.6
109,Pat Connaughton,SG,26,MIL,42,756,12.9,0.526,0.571,0.106,5.3,13.6,9.7,14.4,1,2.2,8.5,14.4,,0.9,1.1,2,0.13,,-0.2,1,0.7,0.5
110,Quinn Cook,PG,25,GSW,55,753,12.8,0.539,0.444,0.063,2.7,13.7,8.4,15.6,1.1,0.3,9.2,20.2,,0.6,0.5,1.2,0.074,,-0.5,-2.6,-3.1,-0.2
111,DeMarcus Cousins,C,28,GSW,16,403,20.9,0.557,0.255,0.473,5.8,27.6,17.1,18.1,2.5,4.6,13.7,27.8,,0.5,0.8,1.2,0.148,,-0.4,2.7,2.3,0.4
112,Robert Covington,SF,28,TOT,35,1203,13.4,0.58,0.622,0.246,2.5,14.6,8.6,5.3,2.9,3.2,10.5,15.6,,1,1.7,2.6,0.106,,0.5,2.1,2.6,1.4
112,Robert Covington,SF,28,PHI,13,440,11,0.578,0.658,0.197,1.8,14.2,8.2,4.3,2.6,4.1,14.8,14.2,,0,0.7,0.7,0.078,,-1.2,2.7,1.5,0.4
112,Robert Covington,SF,28,MIN,22,763,14.8,0.58,0.604,0.269,2.9,14.9,8.8,5.9,3.1,2.7,8.4,16.4,,1,1,1.9,0.122,,1.5,1.8,3.3,1
113,Allen Crabbe,SG,26,BRK,38,981,8.2,0.522,0.702,0.145,1.6,12.4,7,5.6,1.1,0.9,10.2,16.9,,-0.1,0.8,0.7,0.033,,-1.7,-0.9,-2.6,-0.1
114,Torrey Craig,SF,28,DEN,56,1190,9.4,0.521,0.498,0.18,6.6,12.3,9.4,5.5,1.3,2.6,11.3,12.3,,0.6,1.3,1.9,0.077,,-1.4,0.7,-0.7,0.4
115,Jamal Crawford,SG,38,PHO,51,899,9.7,0.487,0.458,0.242,0.9,7.1,3.9,27.1,1.3,0.9,18.1,20,,-0.5,0,-0.5,-0.025,,-3.3,-3.9,-7.2,-1.2
116,Mitch Creek,SF,26,BRK,4,36,21.6,0.573,0.1,0.7,14.8,14.9,14.8,20.3,1.3,0,0,15.3,,0.2,0,0.2,0.254,,3.4,-0.3,3.1,0
117,Jae Crowder,SF,28,UTA,61,1688,11.7,0.53,0.657,0.263,3.2,15.3,9.3,8.9,1.4,1.1,9.1,19,,0.8,2.2,3,0.086,,-0.2,0.4,0.2,0.9
118,Dante Cunningham,PF,31,SAS,57,871,10.9,0.612,0.416,0.121,5.8,17.1,11.5,7,1.3,1.3,11.8,9,,1.1,0.7,1.9,0.102,,-0.4,0.6,0.2,0.5
119,Seth Curry,SG,28,POR,56,971,9.7,0.58,0.541,0.071,2,6.2,4.2,7.4,1.1,0.7,11.9,15,,0.8,0.6,1.3,0.066,,-0.3,-1.6,-2,0
120,Stephen Curry,PG,30,GSW,52,1790,25.1,0.649,0.597,0.226,2.2,13.8,8.2,24,1.8,0.9,11.4,30.6,,6.1,1.6,7.7,0.207,,8.2,-1.9,6.4,3.8
121,Troy Daniels,SG,27,PHO,33,431,11.5,0.594,0.718,0.11,1.8,8,4.8,4.2,2,0.4,10.5,19,,0.2,0.1,0.3,0.033,,-0.3,-3.7,-3.9,-0.2
122,Anthony Davis,C,25,NOP,49,1700,30.4,0.597,0.14,0.445,9.7,27.4,18.7,18.8,2.1,5.8,8,29.5,,6.3,2.9,9.2,0.259,,4.9,3.7,8.5,4.5
123,Ed Davis,C,29,BRK,64,1155,17.4,0.633,0.008,0.51,15.9,34.1,25,6.6,1.2,1.8,15.4,12.9,,2.6,1.8,4.4,0.183,,-1.1,1.6,0.5,0.7
124,Tyler Davis,C,21,OKC,1,1,0,0,0,0,100,0,51.7,0,0,0,0,40.6,,0,0,0,-0.463,,-15.1,-20.5,-35.6,0
125,Dewayne Dedmon,C,29,ATL,53,1328,15.7,0.6,0.408,0.21,6.9,24.4,15.5,8.3,1.8,4.1,13.7,16.9,,1.6,1.5,3.1,0.112,,-0.6,1.5,1,1
126,Sam Dekker,SF-PF,24,TOT,36,599,14.8,0.54,0.211,0.151,7.3,15.1,11.1,8.1,2.5,1,7.4,16.4,,0.6,0.4,1,0.082,,-1.2,-0.5,-1.8,0
126,Sam Dekker,PF,24,CLE,9,169,14,0.544,0.271,0.208,5.7,16.5,10.8,8,3.2,0,8.7,14.9,,0.2,0.1,0.3,0.081,,-1,-0.4,-1.4,0
126,Sam Dekker,SF,24,WAS,27,430,15.1,0.538,0.192,0.132,8,14.6,11.2,8.1,2.2,1.4,7,17,,0.4,0.3,0.7,0.083,,-1.3,-0.6,-1.9,0
127,Angel Delgado,C,24,LAC,1,14,7.5,0.307,0,0.5,15.7,14.7,15.2,0,3.4,0,0,14.7,,0,0,0,0.014,,-6.4,-3.4,-9.8,0
128,Matthew Dellavedova,PG,28,TOT,46,776,11.1,0.538,0.537,0.229,0.7,10.1,5.2,32.6,0.8,0.2,20.9,17.8,,0.5,0,0.5,0.03,,-1.3,-4.2,-5.6,-0.7
128,Matthew Dellavedova,PG,28,MIL,12,97,7.5,0.482,0.579,0.211,0,10,5.3,35.7,1,0,34.6,13.8,,0,0.1,0.1,0.046,,-5.4,-3,-8.4,-0.2
128,Matthew Dellavedova,PG,28,CLE,34,679,11.6,0.543,0.534,0.231,0.8,10.1,5.2,32.1,0.7,0.3,19.4,18.3,,0.5,-0.1,0.4,0.028,,-0.7,-4.4,-5.2,-0.5
129,Luol Deng,SF,33,MIN,22,392,14.7,0.588,0.373,0.297,5.4,14.6,10,6.5,1.8,1.7,9.5,15.7,,0.6,0.3,0.9,0.109,,-0.1,-0.3,-0.4,0.2
130,DeMar DeRozan,SG,29,SAS,59,2077,19,0.531,0.039,0.329,2.3,16.9,9.7,27.3,1.4,1.1,11.5,28.5,,2.3,1.7,4.1,0.094,,0.1,0.1,0.2,1.1
131,Marcus Derrickson,PF,22,GSW,9,54,10.3,0.543,0.583,0.167,10.3,5.7,7.9,2.6,0,1.6,10.4,22.7,,0,0,0,0.039,,-0.9,-5.8,-6.7,-0.1
132,Cheick Diallo,PF,22,NOP,47,579,19,0.665,0.012,0.316,9.2,29,19.3,4.1,1.9,3.8,14.5,16.2,,1.1,0.9,1.9,0.16,,-1.7,0.8,-0.9,0.2
133,Hamidou Diallo,SG,20,OKC,46,517,10.4,0.505,0.142,0.364,7.3,11.8,9.5,4.4,1.8,1.6,10.9,16.6,,0.1,0.7,0.8,0.074,,-4.1,-0.4,-4.5,-0.3
134,Gorgui Dieng,C,29,MIN,57,762,16.7,0.57,0.167,0.263,8.2,24.7,16.4,9.5,2,3.3,11.1,17.3,,1.2,1,2.2,0.138,,-1,1.6,0.5,0.5
135,Spencer Dinwiddie,PG,25,BRK,51,1447,17.1,0.591,0.436,0.417,1.5,7.5,4.5,28,1,0.6,13.9,24.9,,3,0.8,3.8,0.127,,2.4,-2.6,-0.1,0.7
136,Donte DiVincenzo,SG,22,MIL,23,358,8.5,0.492,0.645,0.103,4,11.7,8,9.6,1.6,1.4,13.9,15.3,,-0.1,0.5,0.4,0.059,,-2.4,0.4,-2,0
137,Luka Doncic,SG,19,DAL,58,1863,19.5,0.56,0.443,0.413,3.7,20.3,12.1,30.1,1.5,0.8,15.3,29.5,,2.2,2.2,4.4,0.114,,3.1,0.8,3.9,2.8
138,Tyler Dorsey,SG,22,TOT,31,283,8.6,0.468,0.45,0.3,4.5,14.7,9.5,9,1.1,0.3,9.6,18.3,,-0.1,0.1,0,0.002,,-3.7,-2.9,-6.7,-0.3
138,Tyler Dorsey,SG,22,ATL,27,251,7.9,0.448,0.438,0.292,3.8,14.7,9.2,9.5,1.3,0.3,9.1,18,,-0.1,0.1,0,-0.009,,-4.2,-2.7,-6.9,-0.3
138,Tyler Dorsey,SG,22,MEM,4,32,14.2,0.627,0.545,0.364,10.4,14.5,12.4,5.3,0,0,13.6,20.8,,0,0,0.1,0.093,,-0.1,-4.4,-4.5,0
139,Damyean Dotson,SG,24,NYK,53,1328,11.7,0.531,0.469,0.151,2.2,12.6,7.2,9.3,1.7,0.4,7.2,16.8,,0.9,0.7,1.5,0.056,,-0.5,-1.1,-1.6,0.1
140,PJ Dozier,SG,22,BOS,4,10,24.8,0.583,0.333,0,21.2,21.4,21.3,0,0,0,0,25.9,,0,0,0,0.208,,0.9,-10.8,-9.9,0
141,Goran Dragic,PG,32,MIA,18,491,14.5,0.534,0.38,0.293,1.7,9.4,5.6,25.4,1.1,0.7,13.4,26,,0.4,0.4,0.8,0.077,,0.1,-2.3,-2.1,0
142,Andre Drummond,C,25,DET,58,1919,22.7,0.548,0.043,0.371,16.2,34,24.8,6.1,2.5,4.5,12.3,23.4,,2.4,4.3,6.6,0.166,,-1.3,3.3,2,1.9
143,Jared Dudley,PF,33,BRK,46,971,6.9,0.525,0.634,0.18,2.7,10.5,6.6,9.3,1.4,1,15.4,10.8,,0.2,0.8,0.9,0.047,,-2.2,0.8,-1.5,0.1
144,Kris Dunn,PG,24,CHI,35,1086,12.1,0.486,0.171,0.143,1.1,13,7,30.4,2.2,1.4,16.9,19.9,,-0.4,1,0.5,0.023,,-2.5,0.2,-2.2,-0.1
145,Kevin Durant,PF,30,GSW,62,2203,24.8,0.626,0.278,0.377,1.6,18.5,10.4,25.4,1,2.8,12.1,30.1,,7.1,2.3,9.3,0.204,,4.3,0,4.3,3.5
146,Trevon Duval,PG,20,MIL,3,6,38.6,0.833,0.333,0,0,16.2,8.6,58.8,0,0,0,21,,0.1,0,0.1,0.542,,14,-4,10,0
147,Vince Edwards,SF,22,HOU,2,16,3.8,0.375,1,0,6.8,7.3,7,0,0,0,0,10.8,,0,0,0,-0.024,,-4.2,-6.1,-10.3,0
148,Henry Ellenson,PF,22,TOT,5,92,13.8,0.563,0.5,0.125,0,27.6,13.3,9.8,1.6,0,2.9,16.1,,0.1,0.1,0.2,0.124,,-1.4,-1.3,-2.7,0
148,Henry Ellenson,PF,22,DET,2,25,14.8,0.551,0.4,0.2,0,40.5,19.6,6.2,0,0,0,18.6,,0,0,0.1,0.149,,-3.7,-2.6,-6.3,0
148,Henry Ellenson,PF,22,NYK,3,67,13.4,0.568,0.545,0.091,0,22.7,10.9,11.1,2.2,0,4.2,15.1,,0.1,0.1,0.2,0.114,,-0.5,-0.8,-1.4,0
149,Wayne Ellington,SG,31,TOT,32,717,10.3,0.542,0.843,0.076,0.9,8.7,4.7,7.5,2,0.5,6.9,16.5,,0.5,0.7,1.2,0.081,,0.3,-1.2,-0.9,0.2
149,Wayne Ellington,SG,31,MIA,25,533,10.9,0.547,0.842,0.087,1.2,8.3,4.7,7.9,2.2,0.5,6.8,16.4,,0.4,0.6,1,0.09,,0.7,-1.1,-0.4,0.2
149,Wayne Ellington,SG,31,DET,7,184,8.4,0.528,0.846,0.046,0,9.8,4.7,6.5,1.3,0.5,7,16.6,,0,0.2,0.2,0.056,,-0.7,-1.5,-2.2,0
150,Joel Embiid,C,24,PHI,54,1822,25.4,0.593,0.217,0.545,8.1,33.9,21.4,17.5,0.8,4.5,13.5,33.1,,4,3.2,7.2,0.189,,1.4,2,3.4,2.5
151,James Ennis,SF,28,TOT,46,1020,10.6,0.598,0.558,0.26,4.2,9.7,6.9,4.3,1.9,1.3,9.2,12,,1.3,0.6,1.9,0.09,,-0.5,-0.6,-1,0.3
151,James Ennis,SF,28,HOU,40,949,11.3,0.622,0.569,0.275,4.2,9.8,6.9,4.1,2,1.4,8.9,11.8,,1.4,0.6,2,0.102,,0,-0.4,-0.4,0.4
151,James Ennis,SF,28,PHI,6,71,0.7,0.335,0.45,0.1,3.1,8.8,6,7.2,0.7,0,12.6,14.1,,-0.1,0,-0.1,-0.073,,-6.7,-2.2,-8.9,-0.1
152,Drew Eubanks,PF,21,SAS,16,76,17.8,0.776,0,0.579,1.4,22.9,12.2,5.7,0.6,2.2,17.3,16.6,,0.2,0.1,0.2,0.157,,-1.6,-1.2,-2.8,0
153,Jacob Evans,SG,21,GSW,23,99,-1.3,0.256,0.24,0.04,1.1,8.3,4.9,15.4,0.5,0.9,19.1,13.5,,-0.3,0,-0.2,-0.118,,-9,-2.3,-11.3,-0.2
154,Jawun Evans,PG,22,PHO,7,64,0.8,0.231,0.154,0,1.7,19.7,10.5,20.1,2.2,0,31.6,12.8,,-0.2,0,-0.2,-0.138,,-10.2,0.1,-10.1,-0.1
155,Tyreke Evans,SG,29,IND,55,1102,11.8,0.486,0.349,0.229,2.8,12.2,7.6,17.1,2.3,1.2,14.3,26.3,,-1.2,1.7,0.5,0.02,,-2.9,-0.3,-3.2,-0.3
156,Dante Exum,PG,23,UTA,39,637,12.6,0.53,0.252,0.368,2.6,8.4,5.5,25.3,1.1,0.6,14.5,21.3,,0.5,0.7,1.2,0.087,,-1.7,-1.4,-3.1,-0.2
157,Kenneth Faried,C,29,TOT,28,565,22.3,0.632,0.089,0.384,15.2,23.4,19.2,5.4,1,2.8,9.9,20.1,,1.7,0.5,2.3,0.193,,0.5,-1.1,-0.6,0.2
157,Kenneth Faried,C,29,BRK,12,118,20.7,0.622,0.119,0.381,13.5,26.3,19.9,2.8,0.8,2.6,10.9,19.7,,0.3,0.2,0.4,0.164,,-1.9,-1.8,-3.8,0
157,Kenneth Faried,C,29,HOU,16,447,22.7,0.635,0.081,0.385,15.6,22.7,19,6.1,1.1,2.9,9.6,20.1,,1.5,0.4,1.9,0.2,,1.1,-0.9,0.2,0.3
158,Derrick Favors,C,27,UTA,61,1432,21.1,0.617,0.139,0.387,12.5,21.9,17.2,7.3,1.5,4.8,10.5,18.8,,3.4,2.7,6.1,0.205,,0.8,3.1,3.9,2.1
159,Cristiano Felicio,C,26,CHI,41,410,12.3,0.561,0.021,0.406,10.4,20,15.2,6.7,0.7,0.9,13.7,14.1,,0.4,0.3,0.7,0.081,,-3.2,-1,-4.2,-0.2
160,Raymond Felton,PG,34,OKC,21,257,11.8,0.492,0.413,0.106,1.2,8.2,4.6,20.4,1.4,1.3,9.9,19.1,,0.1,0.3,0.4,0.075,,-2.5,-2,-4.5,-0.2
161,Terrance Ferguson,SG,20,OKC,54,1351,6.7,0.569,0.645,0.096,1.8,5.3,3.5,4.5,1,0.7,8.2,10.7,,1,1.2,2.1,0.076,,-1.4,-0.6,-2,0
162,Yogi Ferrell,PG,25,SAC,52,775,13.5,0.547,0.411,0.19,1.4,9.7,5.5,17.9,1.6,0.4,7.6,16.1,,1.1,0.5,1.7,0.103,,-0.1,-1.6,-1.7,0
163,Dorian Finney-Smith,SF,25,DAL,62,1564,11.4,0.554,0.469,0.219,7.5,13.2,10.4,5.4,1.9,1.6,12.3,13.6,,1.2,1.8,2.9,0.09,,-0.8,1.4,0.6,1
164,Bryn Forbes,PG,25,SAS,64,1804,11.5,0.569,0.517,0.108,0.9,10.2,5.5,10.7,1,0.1,9.2,17.9,,1.6,0.8,2.4,0.063,,0.8,-2.1,-1.3,0.3
165,Evan Fournier,SG,26,ORL,63,1994,11.8,0.528,0.433,0.161,1.6,9.1,5.3,18.2,1.3,0.4,12.5,22.3,,0.1,1.8,2,0.048,,-0.6,-1.2,-1.8,0.1
166,De'Aaron Fox,PG,21,SAC,61,1925,17.8,0.544,0.214,0.381,1.8,10.4,6,33,2.4,1.5,15.6,24.4,,2.2,1.9,4.1,0.103,,0.9,0,0.9,1.4
167,Melvin Frazier,SG,22,ORL,7,32,5.6,0.429,0.214,0,6.6,3.4,5,0,1.5,0,6.7,20.5,,-0.1,0,0,-0.046,,-6.8,-4.8,-11.6,-0.1
168,Tim Frazier,PG,28,NOP,47,909,11.7,0.552,0.395,0.21,3.8,11.8,7.9,27.9,1.3,0.4,22,12.4,,1.1,0.5,1.6,0.085,,-0.6,-1.3,-1.9,0
169,Channing Frye,C,35,CLE,30,295,9.1,0.524,0.684,0.126,1.4,16.9,8.8,9,0.8,1.5,9.1,16.4,,0.1,0,0.1,0.024,,-1.9,-2.7,-4.5,-0.2
170,Markelle Fultz,PG,20,PHI,19,427,10.5,0.452,0.09,0.239,6.7,10.7,8.8,19.6,1.9,0.9,12.7,19.3,,-0.1,0.4,0.3,0.038,,-2.9,0,-2.8,-0.1
171,Danilo Gallinari,SF,30,LAC,53,1618,19.6,0.622,0.438,0.462,3,17.2,10.3,12,1.1,0.9,8.7,23,,4.6,1.4,5.9,0.175,,3.6,-1.2,2.4,1.8
172,Langston Galloway,SG,27,DET,59,1232,10.3,0.521,0.657,0.145,3,8.9,5.8,7.4,1.1,0.3,4.1,16.2,,1.2,1,2.2,0.086,,-0.1,-1.3,-1.4,0.2
173,Marc Gasol,C,34,TOT,60,1944,17.3,0.541,0.305,0.287,3.6,25.7,14.4,23.4,1.7,3.3,13.3,22.4,,1.3,3.4,4.7,0.115,,-0.2,3.3,3.1,2.5
173,Marc Gasol,C,34,MEM,53,1788,17.1,0.541,0.324,0.294,3.5,25.8,14.4,23,1.7,3.4,13.4,22.5,,1,3.1,4.1,0.11,,-0.3,3.3,3,2.2
173,Marc Gasol,C,34,TOR,7,156,20.1,0.546,0.097,0.21,5.6,23.9,14.9,28.9,2.1,3.2,12.9,21.2,,0.3,0.3,0.5,0.167,,0.4,3.5,3.9,0.2
174,Pau Gasol,C,38,SAS,27,330,18.1,0.544,0.114,0.432,7.3,34.6,21,20.3,0.7,3.6,11.8,15.8,,0.6,0.4,1.1,0.156,,-1.1,2.6,1.5,0.3
175,Rudy Gay,PF,32,SAS,53,1428,18.3,0.597,0.236,0.19,3.7,22.2,13,14.7,1.5,1.8,12,22.1,,2.2,1.5,3.7,0.124,,0.9,0.5,1.5,1.3
176,Paul George,SF,28,OKC,59,2163,24.5,0.593,0.461,0.331,3.9,19.2,11.4,18.3,2.9,1,9.7,29.6,,6.2,3.8,10,0.222,,5.4,0.8,6.2,4.5
177,Taj Gibson,PF,33,MIN,61,1507,17.3,0.61,0.071,0.321,10.5,17.9,14.2,7,1.6,2,11.1,16.7,,3.1,1.4,4.5,0.143,,0.6,0.5,1.2,1.2
178,Harry Giles,PF,20,SAC,49,650,14.2,0.528,0.018,0.268,7.9,20.9,14.3,14.7,1.9,2.1,16.1,23.3,,0,0.8,0.8,0.058,,-3.2,1,-2.2,0
179,Shai Gilgeous-Alexander,PG,20,LAC,64,1638,12,0.536,0.194,0.266,2.9,8.1,5.6,16.5,2.1,1.7,16.5,18.2,,0.3,1.4,1.7,0.048,,-1.4,0.4,-1.1,0.4
180,Rudy Gobert,C,26,UTA,62,1960,24.2,0.669,0,0.736,13.1,30.5,21.9,10.6,1.3,5.6,12.3,17.6,,6.4,4.2,10.6,0.26,,1.8,5.2,7,4.5
181,Brandon Goodwin,PG,23,DEN,16,57,8.4,0.413,0.261,0.478,1.9,3.8,2.9,31.7,0,0,9.7,22.9,,0,0,0,0.025,,-4.3,-6.5,-10.9,-0.1
182,Aaron Gordon,PF,23,ORL,60,2008,15,0.534,0.332,0.261,5.2,18.7,11.9,16.5,1,1.7,12.1,22,,1.2,2.5,3.7,0.087,,-0.3,1,0.8,1.4
183,Eric Gordon,SG,30,HOU,49,1597,11.1,0.516,0.598,0.18,1,7.7,4.3,10.2,1,1.1,8.4,22.5,,0.5,0.4,0.9,0.027,,-1,-3.3,-4.2,-0.9
184,Marcin Gortat,C,34,LAC,47,751,12.9,0.562,0,0.258,9.8,26.6,18.4,12.2,0.4,2.5,19.4,14.5,,0.6,0.8,1.4,0.09,,-2.4,1.5,-1,0.2
185,Devonte' Graham,PG,23,CHO,31,403,10.7,0.483,0.577,0.169,0.8,9.2,5,23.5,2,0.4,13.1,17.1,,0.1,0.3,0.4,0.043,,-1.5,-2.3,-3.9,-0.2
186,Treveon Graham,SG,25,BRK,26,559,5.3,0.446,0.651,0.121,3.4,11.7,7.5,5.9,0.7,1,8.7,13,,-0.2,0.4,0.1,0.012,,-3.3,-0.5,-3.8,-0.2
187,Jerami Grant,PF,24,OKC,60,1944,14.3,0.607,0.332,0.292,3.2,13.4,8.2,3.9,1.2,3.5,6.6,14.8,,3.2,2.6,5.8,0.143,,-0.6,1.3,0.6,1.3
188,Jerian Grant,PG,26,ORL,51,844,10.4,0.513,0.481,0.19,2.1,8.9,5.5,22.6,2.4,0.6,18.7,13,,0.3,1,1.3,0.075,,-2.2,0.2,-2,0
189,Donte Grantham,SF,23,OKC,1,2,-18.9,0,1,0,0,0,0,0,0,0,0,20.3,,0,0,0,-0.464,,-15.9,-6.8,-22.7,0
190,Danny Green,SG,31,TOR,61,1730,12,0.608,0.669,0.064,3.2,12.2,7.8,6.7,1.5,2,10,13.6,,2,2.1,4.1,0.113,,1.2,1.2,2.4,1.9
191,Draymond Green,PF,28,GSW,48,1496,12.9,0.514,0.386,0.221,3.3,21.4,12.7,27.9,2.3,2.7,26.8,12.9,,0.9,2.2,3,0.098,,-1.3,3.2,1.9,1.5
192,Gerald Green,SG,33,HOU,58,1242,11.6,0.565,0.761,0.113,2.4,11.7,6.9,4.6,0.9,1.6,8.2,19,,1.1,0.5,1.5,0.06,,-0.3,-3.1,-3.4,-0.4
193,JaMychal Green,PF,28,TOT,49,1058,15.2,0.586,0.339,0.253,8.8,24.3,16.4,6,1.8,2.7,15.5,20.2,,0.6,1.7,2.3,0.105,,-1.9,0.6,-1.3,0.2
193,JaMychal Green,PF,28,MEM,41,900,15.1,0.58,0.308,0.256,8.9,23.1,15.8,6.6,1.8,2.8,15.6,20.6,,0.4,1.5,1.9,0.101,,-2.1,0.9,-1.2,0.2
193,JaMychal Green,PF,28,LAC,8,158,15.8,0.622,0.529,0.235,8.3,30.6,19.8,2.8,1.5,2.5,15.1,17.7,,0.2,0.2,0.4,0.124,,-1.1,-1,-2.1,0
194,Jeff Green,PF,32,WAS,60,1671,13.9,0.61,0.467,0.292,3.3,14.3,8.7,9.9,0.8,1.6,11.3,17.6,,2.5,0.7,3.1,0.089,,0.3,-1.3,-1,0.4
195,Blake Griffin,PF,29,DET,59,2112,21.4,0.589,0.372,0.413,4,20.7,12.1,27.4,0.9,1,14.3,30.2,,4.3,2.4,6.7,0.153,,4.4,0.7,5.2,3.8
196,Daniel Hamilton,SG,23,ATL,19,204,7.2,0.455,0.383,0.1,5.2,19.7,12.3,14.7,1.4,0.4,20.3,15.7,,-0.2,0.1,-0.1,-0.023,,-4.9,-1,-5.8,-0.2
197,Tim Hardaway,SG,26,TOT,56,1789,14.3,0.531,0.477,0.304,1.7,9.9,5.7,13,1.3,0.3,8.8,25.5,,1.3,0.7,2,0.053,,0.9,-2.9,-1.9,0
197,Tim Hardaway,SG,26,NYK,46,1499,14.5,0.531,0.464,0.321,1.8,9.8,5.6,13.2,1.3,0.3,8.9,25.7,,1.2,0.5,1.6,0.052,,1.1,-3,-1.9,0.1
197,Tim Hardaway,SG,26,DAL,10,290,13.5,0.532,0.547,0.216,1.5,10.2,5.9,12.1,1.3,0.3,8.4,24.5,,0.1,0.2,0.4,0.06,,0.1,-2.5,-2.4,0
198,James Harden,SG,29,HOU,58,2171,30.4,0.618,0.55,0.471,2.8,17.5,9.9,39.6,2.8,1.7,15.3,40.3,,8.6,2.3,10.9,0.241,,10.7,0.6,11.2,7.2
199,Maurice Harkless,SF,25,POR,42,932,12.1,0.538,0.332,0.154,5.7,14.1,10,5.9,2.3,2.9,10.2,13.3,,0.7,1.3,2,0.102,,-0.8,2.2,1.4,0.8
200,Montrezl Harrell,C,25,LAC,64,1684,23.7,0.642,0.018,0.477,9.5,16.8,13.2,11.6,1.6,4.2,10.3,22.7,,5.1,2.1,7.1,0.203,,2.9,1.7,4.6,2.8
201,Devin Harris,PG,35,DAL,50,756,11,0.535,0.566,0.398,1.3,10,5.7,14.1,2,1.2,12.5,18.6,,0.4,0.8,1.1,0.073,,-1.3,-0.5,-1.8,0
202,Gary Harris,SG,24,DEN,37,1070,13.1,0.522,0.388,0.244,2.4,8.4,5.4,12.7,1.6,1.3,8.5,21.4,,0.9,1,1.9,0.084,,-0.4,-1.3,-1.7,0.1
203,Joe Harris,SG,27,BRK,60,1797,13.9,0.65,0.519,0.162,2.4,10.5,6.4,12.8,0.8,0.6,13.1,17.2,,3.2,1.1,4.3,0.115,,1.7,-0.9,0.9,1.3
204,Tobias Harris,PF-SF,26,TOT,64,2227,18.5,0.61,0.321,0.253,2.1,21.3,12,12.6,0.9,1.1,10,23.2,,4.2,2.1,6.3,0.136,,1.9,-0.5,1.4,1.9
204,Tobias Harris,PF,26,LAC,55,1903,18.5,0.605,0.302,0.256,2.1,21.4,12,12.7,1,1,10.3,23.6,,3.4,1.8,5.2,0.131,,1.8,-0.4,1.4,1.6
204,Tobias Harris,SF,26,PHI,9,324,18.8,0.641,0.442,0.232,2,20.9,11.7,11.7,0.4,1.7,7.9,21.4,,0.8,0.3,1.1,0.162,,2.2,-1.2,1,0.2
205,Andrew Harrison,SG-PG,24,TOT,17,187,5.8,0.443,0.472,0.34,3.4,8.5,5.8,17.2,1.1,0.9,16.5,16.9,,-0.1,0,-0.1,-0.026,,-3.8,-2.8,-6.5,-0.2
205,Andrew Harrison,PG,24,MEM,1,5,4.6,0.5,0.5,0,0,0,0,0,0,0,0,18,,0,0,0,-0.007,,-4.2,-6,-10.1,0
205,Andrew Harrison,SG,24,CLE,10,144,6.6,0.467,0.359,0.41,3,8.9,5.8,16.5,1.4,1.2,17.8,17,,-0.1,0,-0.1,-0.021,,-4,-2.3,-6.2,-0.2
205,Andrew Harrison,SG,24,NOP,6,38,3.1,0.349,0.833,0.167,5.6,8.1,6.9,22.2,0,0,13.4,16.1,,0,0,0,-0.046,,-2.9,-4.3,-7.2,0
206,Shaquille Harrison,PG,25,CHI,54,930,11.7,0.48,0.262,0.365,2.1,14.3,8.2,13.9,3.3,1.8,11.2,16.1,,-0.2,1.1,0.9,0.048,,-3.1,1.7,-1.4,0.1
207,Josh Hart,SG,23,LAL,60,1529,9.5,0.526,0.594,0.173,2.3,12.9,7.7,7.1,1.8,1.9,10.8,13.8,,0.2,1.7,1.9,0.059,,-1.7,1,-0.7,0.5
208,Isaiah Hartenstein,PF,20,HOU,27,220,10,0.562,0.146,0.341,10.4,13.8,12,8.9,1.6,4.7,21.6,11.8,,0.2,0.2,0.4,0.087,,-3,1.8,-1.2,0
209,Udonis Haslem,C,38,MIA,6,24,-3.5,0.286,0.429,0,4.5,31.3,17.9,0,0,0,22.2,16,,-0.1,0,-0.1,-0.155,,-14.2,-5.6,-19.9,-0.1
210,Gordon Hayward,PF,28,BOS,57,1477,14.5,0.548,0.396,0.279,3.4,15.2,9.2,18.5,1.7,1.2,13.3,18.8,,1.6,1.9,3.5,0.114,,-0.3,0.6,0.3,0.9
211,John Henson,C,28,MIL,14,188,17.3,0.553,0.463,0.149,9.3,28.4,19.4,10.1,1.7,4.9,14.4,18.7,,0.1,0.4,0.6,0.15,,-1.7,3.1,1.5,0.2
212,Juan Hernangomez,PF,23,DEN,58,1261,11.6,0.592,0.571,0.284,5.3,16.3,10.8,5,1,1.6,9.5,12.4,,1.7,1.3,2.9,0.112,,-0.4,-0.2,-0.6,0.5
213,Willy Hernangomez,C,24,CHO,45,617,20.3,0.582,0.129,0.476,15.7,28,21.8,10.3,0.9,2.1,13.8,22.7,,1.3,0.7,2,0.152,,-0.1,-0.7,-0.8,0.2
214,Mario Hezonja,SF,23,NYK,48,916,9.7,0.474,0.337,0.218,2.3,18.5,10.1,8.2,2.4,0.6,12.6,20.5,,-1.1,0.8,-0.3,-0.013,,-4.1,-0.7,-4.8,-0.6
215,Isaiah Hicks,PF,24,NYK,1,4,13.8,0.568,,,0,0,0,31.1,0,0,0,9.3,,0,0,0,0.132,,-4.1,-10.4,-14.5,0
216,Buddy Hield,SG,26,SAC,62,1973,17.6,0.597,0.464,0.148,4.4,12.6,8.4,11.2,0.9,1,10,25.1,,3.2,1.2,4.5,0.109,,3.1,-2,1.1,1.6
217,Haywood Highsmith,SF,22,PHI,2,9,17.3,0.75,1,0,0,11.6,6,29.8,0,0,0,9.3,,0,0,0,0.229,,3.5,-4.8,-1.3,0
218,Nene Hilario,C,36,HOU,31,409,13,0.588,0.024,0.412,6.1,19.4,12.5,6.7,1.8,2.7,7.4,11.5,,0.7,0.4,1.1,0.131,,-2.6,0.9,-1.7,0
219,George Hill,PG,32,TOT,47,1037,11.5,0.544,0.404,0.202,3.1,8.2,5.8,14.4,2,0.6,11.5,14.3,,1,1,2.1,0.095,,-0.8,-0.2,-1,0.3
219,George Hill,PG,32,CLE,13,344,13.5,0.604,0.262,0.187,3.7,5.1,4.4,16.4,1.7,0.3,14.7,17.3,,0.5,0,0.5,0.066,,0.3,-2.6,-2.3,0
219,George Hill,PG,32,MIL,34,693,10.6,0.507,0.491,0.211,2.8,9.8,6.5,13.4,2.1,0.7,9.5,12.8,,0.5,1,1.6,0.109,,-1.3,1,-0.3,0.3
220,Solomon Hill,SF,27,NOP,35,712,6.8,0.493,0.543,0.209,4.5,11.2,7.9,7.4,1.2,0.9,14,9.5,,0.1,0.4,0.5,0.035,,-1.9,0,-1.9,0
221,Aaron Holiday,PG,22,IND,39,455,11.5,0.491,0.49,0.172,1,12.2,6.8,18.1,1.6,2.4,11.6,23.2,,-0.2,0.7,0.5,0.051,,-2.2,-0.7,-2.9,-0.1
222,Jrue Holiday,SG,28,NOP,65,2338,19.6,0.555,0.315,0.24,3.4,11.1,7.4,32,2.1,1.9,14.3,25.5,,3.7,2,5.7,0.117,,3,0,3.1,3
223,Justin Holiday,SG,29,TOT,64,2045,9.3,0.502,0.604,0.123,1.7,12.4,7,8.7,2.2,1.2,11.4,15.7,,-0.9,2,1.1,0.026,,-1.8,0.7,-1.1,0.5
223,Justin Holiday,SG,29,CHI,38,1325,11,0.531,0.685,0.117,1.6,12.4,7,9.2,2.5,1.4,10.2,15.3,,0.2,1.2,1.4,0.049,,-0.1,0.9,0.8,0.9
223,Justin Holiday,SG,29,MEM,26,720,6.3,0.448,0.456,0.135,2,12.5,7.1,7.9,1.8,0.9,13.6,16.5,,-1.1,0.8,-0.2,-0.016,,-4.8,0.3,-4.5,-0.5
224,John Holland,SF,30,CLE,1,1,0,,,,0,0,0,0,0,0,,0,,0,0,0,-0.033,,-6.4,-1,-7.4,0
225,Rondae Hollis-Jefferson,SF,24,BRK,52,1134,12.1,0.467,0.105,0.39,6.6,19.1,12.8,11.6,1.6,1.7,10.4,20.8,,-0.3,1.3,1.1,0.045,,-4.1,1,-3.1,-0.3
226,Richaun Holmes,C,25,PHO,58,959,21.2,0.672,0,0.486,10.9,19.9,15.3,7.9,1.6,5.9,11.2,17.3,,2.7,0.9,3.6,0.182,,0.3,1.7,2,1
227,Rodney Hood,SG,26,TOT,54,1427,12.2,0.535,0.345,0.233,1.5,8.5,4.9,10.6,1.5,0.4,6.5,18.4,,1.5,0.1,1.6,0.055,,-0.4,-2.5,-2.9,-0.3
227,Rodney Hood,SG,26,CLE,45,1234,13,0.542,0.335,0.251,1.6,8.8,5,11.6,1.5,0.3,6.7,19.2,,1.5,0,1.5,0.06,,0,-2.7,-2.8,-0.2
227,Rodney Hood,SG,26,POR,9,193,6.7,0.473,0.429,0.089,1.1,6.5,3.9,4.2,1.5,0.8,4.9,13.4,,0,0.1,0.1,0.027,,-2.6,-1,-3.6,-0.1
228,Al Horford,C,32,BOS,53,1527,19.6,0.587,0.301,0.105,6.9,18.2,12.6,20.5,1.5,4.5,12,18.9,,3.1,2.5,5.6,0.175,,1.7,3.2,5,2.7
229,Danuel House,SF,25,HOU,25,620,12.4,0.631,0.645,0.355,3.5,13,8.1,6.1,1.1,1.4,11.4,14.1,,1,0.3,1.3,0.102,,0,-1.4,-1.4,0.1
230,Dwight Howard,C,33,WAS,9,230,17.4,0.638,0,0.696,11.2,28.7,19.8,2.6,1.4,1.5,15.1,19.6,,0.4,0.2,0.6,0.126,,-3,-2.3,-5.3,-0.2
231,Kevin Huerter,SG,20,ATL,57,1557,9.8,0.54,0.553,0.1,2.9,9.9,6.4,13.9,1.5,1.1,15.3,15.1,,0.5,0.5,1,0.031,,-1.1,-1,-2.1,0
232,Chandler Hutchison,SF,22,CHI,44,895,8.8,0.507,0.239,0.182,3.8,18.8,11.3,5.4,1.2,0.6,10,12.3,,0,0.6,0.6,0.033,,-3.9,-0.2,-4.2,-0.5
233,Serge Ibaka,C,29,TOR,59,1674,18.1,0.577,0.196,0.209,8.2,21.8,15.1,8.1,0.8,3.6,10.9,22.8,,2.3,2.4,4.7,0.135,,-0.4,1,0.6,1.1
234,Andre Iguodala,SF,35,GSW,55,1309,13.5,0.593,0.476,0.246,3.2,13.7,8.6,16.8,1.8,3,12.8,10.4,,2.1,1.4,3.5,0.13,,0.5,1.7,2.1,1.4
235,Ersan Ilyasova,PF,31,MIL,51,910,12.4,0.553,0.415,0.174,9.2,16,12.8,6.2,1.5,1.1,10.7,16,,1.1,1.5,2.5,0.133,,-0.8,0.3,-0.5,0.3
236,Joe Ingles,SF,31,UTA,62,1957,12.8,0.568,0.579,0.174,1.4,11.7,6.6,23.7,2,0.7,17.4,17.2,,1.5,2.7,4.2,0.102,,0.6,1,1.6,1.8
237,Brandon Ingram,SF,21,LAL,52,1760,13.5,0.555,0.129,0.396,2.5,12.9,7.8,12.8,0.7,1.4,13.1,23.2,,0.7,1.4,2.1,0.057,,-2.2,-0.7,-2.9,-0.4
238,Kyrie Irving,PG,26,BOS,52,1704,24.6,0.596,0.335,0.189,3.7,12,7.8,35.6,2.3,1.3,11.7,29.3,,5,2.4,7.4,0.208,,6.2,0.3,6.5,3.7
239,Jonathan Isaac,PF,21,ORL,58,1527,12.8,0.539,0.4,0.24,5.1,16.8,10.9,5.2,1.5,4.2,11,16.2,,0.6,2.3,2.9,0.091,,-2.3,2.2,0,0.8
240,Wesley Iwundu,SF,24,ORL,50,876,8.3,0.521,0.277,0.396,3.1,12.7,7.9,6.8,1.1,1.7,12.2,13.5,,0.1,0.9,1.1,0.06,,-3.8,0.6,-3.2,-0.3
241,Demetrius Jackson,PG,24,PHI,6,39,20.9,0.656,0.4,0.267,5.7,2.7,4.1,19.7,2.4,0,5.6,19.1,,0.2,0,0.2,0.233,,4.4,-3.3,1.2,0
242,Frank Jackson,PG,20,NOP,50,819,8.7,0.511,0.384,0.158,2.3,10.1,6.3,7.8,1,0.1,9.8,17.4,,0,0.3,0.3,0.018,,-2.4,-2.6,-5.1,-0.6
243,Jaren Jackson,PF,19,MEM,58,1515,16.6,0.591,0.241,0.334,5.3,15.2,10.2,7.3,1.7,5.2,12.7,23,,1.2,2.4,3.6,0.113,,-1.3,1.7,0.4,0.9
244,Josh Jackson,SG,21,PHO,64,1541,10.5,0.484,0.255,0.257,3.8,15.7,9.6,15,2,2.2,16.7,24.5,,-2.5,0.9,-1.6,-0.048,,-4.5,-0.5,-5,-1.2
245,Justin Jackson,SF,23,TOT,61,1182,9.8,0.535,0.526,0.168,2.3,11.3,6.7,7.8,1,0.9,6,13.3,,1,0.7,1.7,0.069,,-1.1,-0.8,-1.9,0
245,Justin Jackson,SF,23,SAC,52,1083,10.1,0.546,0.539,0.169,2.3,11.7,6.9,8.1,1,1,6.5,12.9,,1,0.7,1.7,0.074,,-0.8,-0.6,-1.5,0.2
245,Justin Jackson,SF,23,DAL,9,99,7.4,0.455,0.421,0.158,2.2,7.5,4.9,4.6,1,0,2.4,18,,0,0.1,0,0.012,,-3.9,-3,-6.9,-0.1
246,Reggie Jackson,PG,28,DET,61,1763,15.1,0.555,0.459,0.242,2.1,8.3,5.1,24.1,1.2,0.3,11.2,23.2,,2.8,1.5,4.3,0.117,,2,-1.7,0.3,1
247,LeBron James,SF,34,LAL,45,1598,25.7,0.593,0.307,0.39,3.1,21.6,12.6,37.3,1.8,1.4,13.2,30.6,,4.1,2.2,6.3,0.189,,6,1.8,7.8,3.9
248,Amile Jefferson,PF,25,ORL,5,20,13.8,0.521,0,1,10.6,27.2,18.8,0,2.4,0,0,12.6,,0,0,0.1,0.185,,-5.5,-3.5,-9,0
249,John Jenkins,SG,27,TOT,10,101,11.1,0.583,0.455,0.091,2,7.6,4.7,7.5,0,0,8,15.7,,0.1,0,0.1,0.03,,-1.3,-4.4,-5.7,-0.1
249,John Jenkins,SG,27,WAS,4,14,20.4,1.5,1,0,0,8,3.9,9.9,0,0,0,6.1,,0.1,0,0.1,0.201,,7.3,-5.2,2.1,0
249,John Jenkins,SG,27,NYK,6,87,9.6,0.526,0.419,0.097,2.3,7.5,4.8,7.2,0,0,8.5,17.2,,0,0,0,0.003,,-2.6,-4.3,-6.9,-0.1
250,Jonas Jerebko,PF,31,GSW,58,1029,13.3,0.589,0.531,0.219,7.3,19.1,13.4,10.1,0.8,1,10.1,14.7,,1.8,0.9,2.7,0.127,,0.8,-1,-0.3,0.5
251,Alize Johnson,PF,22,IND,11,32,-0.5,0.255,0.2,0.4,3.6,23.8,14,0,0,2.8,0,16.1,,-0.1,0,-0.1,-0.1,,-12.8,-4.2,-17,-0.1
252,Amir Johnson,C,31,PHI,39,372,12.8,0.606,0.229,0.275,7.7,20.1,14.1,17.3,1.5,1.7,22.3,17.7,,0.3,0.5,0.8,0.102,,-1.5,0.8,-0.7,0.1
253,James Johnson,PF,31,MIA,41,854,10.9,0.517,0.374,0.163,2,14.3,8.2,16.5,1.5,2,14.8,18.2,,0,1,1,0.057,,-2.5,0.6,-1.9,0
254,Stanley Johnson,SF,22,TOT,56,1043,9.1,0.469,0.505,0.144,3.1,17.3,10,9.7,2.4,1.1,13.8,19,,-1,1.5,0.4,0.02,,-3.4,0.9,-2.5,-0.1
254,Stanley Johnson,SF,22,DET,48,961,9.8,0.482,0.519,0.146,2.7,17.6,9.9,9.4,2.4,1.1,12.9,19,,-0.7,1.4,0.7,0.036,,-3,1.1,-1.9,0
254,Stanley Johnson,SF,22,NOP,8,82,0.4,0.3,0.333,0.111,7.8,13.7,10.8,13.5,1.7,0,24.1,18.7,,-0.3,0.1,-0.3,-0.159,,-7.9,-1.1,-9,-0.1
255,Tyler Johnson,PG-SG,26,TOT,52,1366,12.2,0.53,0.501,0.225,2.1,9.8,5.9,15.3,1.8,1.6,12,18.6,,0.7,1.3,1.9,0.068,,-0.8,-0.4,-1.2,0.3
255,Tyler Johnson,PG,26,MIA,44,1123,12.4,0.54,0.509,0.219,1.8,9.8,5.8,14.9,1.7,1.6,12.5,19.1,,0.5,1.2,1.8,0.075,,-0.6,-0.3,-0.9,0.3
255,Tyler Johnson,SG,26,PHO,8,243,11.1,0.474,0.459,0.257,3.6,9.9,6.7,17.2,2,1.4,8.9,16,,0.1,0.1,0.2,0.037,,-1.5,-1,-2.5,0
256,Wesley Johnson,SF,31,TOT,34,507,6.1,0.492,0.608,0.133,2.5,11.5,7.1,5.6,1.3,1.8,12.4,11.9,,-0.2,0.3,0.1,0.014,,-3,-0.6,-3.6,-0.2
256,Wesley Johnson,SF,31,NOP,26,377,7,0.517,0.568,0.102,2.8,11.9,7.5,5.2,1.5,1.5,11.5,11.4,,0,0.3,0.3,0.036,,-2.3,-0.4,-2.7,-0.1
256,Wesley Johnson,SF,31,WAS,8,130,3.5,0.428,0.719,0.219,1.7,10.3,5.9,6.8,0.7,2.6,14.6,13.4,,-0.2,0,-0.1,-0.051,,-5.1,-1.3,-6.4,-0.1
257,Nikola Jokic,C,23,DEN,61,1913,26.9,0.589,0.23,0.316,9.9,27.2,18.6,38.6,2.2,1.9,15.7,28,,6.2,3.2,9.4,0.237,,6.3,3.7,9.9,5.8
258,Damian Jones,C,23,GSW,24,410,15.4,0.72,0,0.5,8.4,11.1,9.8,8.7,1.4,5.1,15.1,11,,1,0.5,1.4,0.17,,0.6,2.2,2.9,0.5
259,Derrick Jones,SF,21,MIA,42,775,15.9,0.579,0.264,0.342,10.2,14.3,12.2,3.7,2,3.5,9.2,16.1,,1.2,1.1,2.3,0.143,,-0.6,1.1,0.4,0.5
260,Jalen Jones,SF,25,CLE,16,214,11.7,0.548,0.452,0.435,5.5,12.5,8.8,4.8,2.1,0.8,9.8,16.8,,0.2,0.1,0.3,0.057,,-1.2,-2.2,-3.4,-0.1
261,Tyus Jones,PG,22,MIN,48,1005,12.8,0.468,0.303,0.162,1.4,7.6,4.5,26.8,3,0.3,9.9,13.4,,1,0.8,1.8,0.085,,-1,-0.9,-1.8,0
262,DeAndre Jordan,C,30,TOT,58,1768,18.8,0.677,0,0.616,11.5,35.7,23.7,10,1,3,20.6,14.5,,3.5,2.9,6.4,0.173,,-1,3.4,2.4,2
262,DeAndre Jordan,C,30,DAL,50,1554,18.1,0.672,0,0.613,11.3,35.8,23.7,9.6,1,2.9,21.3,14.4,,2.8,2.6,5.4,0.167,,-1.3,3.5,2.3,1.7
262,DeAndre Jordan,C,30,NYK,8,214,23.4,0.707,0,0.635,13.2,34.6,23.5,12.4,0.7,4,16.3,15.7,,0.7,0.3,1,0.216,,0.9,2.3,3.1,0.3
263,Cory Joseph,PG,27,IND,64,1640,12,0.509,0.333,0.079,2.2,13.4,7.9,20.9,2,0.8,12.8,14,,1.1,2.3,3.4,0.1,,-1.2,1.2,0.1,0.9
264,Frank Kaminsky,C,25,CHO,27,305,15.8,0.583,0.421,0.307,7.7,16.9,12.2,14,0.8,1.7,14.5,21.3,,0.4,0.2,0.6,0.094,,0.3,-1.6,-1.3,0.1
265,Enes Kanter,C,26,TOT,48,1205,22.1,0.589,0.048,0.285,15.2,27.9,21.4,13,0.8,1.2,13.1,22.9,,2.8,1,3.8,0.152,,1.3,-0.1,1.2,1
265,Enes Kanter,C,26,NYK,44,1128,21.9,0.585,0.047,0.276,15.3,28,21.4,12.8,0.8,1.3,13.1,22.7,,2.5,0.9,3.4,0.146,,1.2,-0.1,1,0.9
265,Enes Kanter,C,26,POR,4,77,25.8,0.635,0.059,0.412,14.1,27,20.7,15,1.9,0,13,25.4,,0.3,0.1,0.4,0.234,,2.9,-0.2,2.7,0.1
266,Luke Kennard,SG,22,DET,43,921,12,0.553,0.506,0.111,1,13.9,7.3,10.8,1,0.8,8.9,18.3,,0.7,0.9,1.6,0.083,,-0.9,-0.7,-1.6,0.1
267,Michael Kidd-Gilchrist,PF,25,CHO,54,1049,13.7,0.553,0.131,0.39,8.4,14.5,11.4,6.8,1.2,3,10.1,16.3,,1.4,0.9,2.3,0.105,,-1.5,0.2,-1.3,0.2
268,George King,SF,25,PHO,1,6,1.9,,,,0,19.1,9.3,0,0,0,,0,,0,0,0,-0.001,,-8.9,-1.8,-10.6,0
269,Maxi Kleber,PF,27,DAL,56,1110,13,0.572,0.577,0.186,6.6,14.7,10.7,6.2,1.3,4.9,11.5,13.7,,1.1,1.4,2.5,0.11,,-0.8,2.5,1.6,1
270,Brandon Knight,PG,27,TOT,20,260,8.5,0.474,0.624,0.204,0.8,8.5,4.5,16.7,1.1,0,9.8,18.8,,0,0,0,-0.002,,-2.3,-4.5,-6.8,-0.3
270,Brandon Knight,PG,27,HOU,12,118,0.8,0.347,0.681,0.234,0.9,7.9,4.3,10.7,0.8,0,8.8,20.8,,-0.3,0,-0.3,-0.12,,-6.7,-5,-11.7,-0.3
270,Brandon Knight,PG,27,CLE,8,142,14.9,0.606,0.565,0.174,0.8,9,4.7,21.7,1.4,0,10.8,17.1,,0.3,0,0.3,0.097,,1.4,-4,-2.6,0
271,Kevin Knox,PF,19,NYK,55,1557,8,0.462,0.398,0.226,3.2,13.6,8.2,5.5,0.9,0.9,10.1,22.6,,-1.9,0.6,-1.4,-0.042,,-3.9,-2.6,-6.5,-1.8
272,Furkan Korkmaz,SG,21,PHI,46,654,11.6,0.533,0.594,0.179,2.7,14.2,8.6,11,2,0.2,9,17.8,,0.4,0.7,1.1,0.083,,-0.6,-1.2,-1.8,0
273,Luke Kornet,PF,23,NYK,31,476,15,0.542,0.672,0.15,3.4,13.7,8.4,10.8,2,3,8.1,18.6,,0.5,0.4,0.9,0.088,,0.7,-0.2,0.5,0.3
274,Kyle Korver,SG-PF,37,TOT,56,1049,11.7,0.605,0.703,0.165,0.7,12.5,6.6,7.9,0.8,0.9,11.4,18.3,,0.9,0.9,1.8,0.081,,0.1,-1.7,-1.7,0.1
274,Kyle Korver,PF,37,CLE,16,251,11.4,0.65,0.711,0.211,0,13.4,6.4,10.3,0.6,0.7,17,17.5,,0.2,0,0.2,0.043,,-0.2,-3.5,-3.7,-0.1
274,Kyle Korver,SG,37,UTA,40,798,11.9,0.593,0.701,0.153,1,12.2,6.6,7.2,0.9,0.9,9.8,18.6,,0.7,0.9,1.5,0.093,,0.2,-1.2,-1,0.2
275,Kosta Koufos,C,29,SAC,32,381,12.2,0.481,0,0.156,10.5,27.1,18.7,9,1.6,2.9,14.7,14.7,,0,0.6,0.6,0.072,,-4.2,2.1,-2.1,0
276,Rodions Kurucs,SF,20,BRK,46,936,11.4,0.558,0.365,0.214,4.8,14.3,9.5,6,1.4,1.1,13,18.3,,0.4,0.9,1.3,0.064,,-2.2,-0.5,-2.7,-0.2
277,Kyle Kuzma,PF,23,LAL,59,1939,14.8,0.558,0.386,0.228,3,14.5,8.9,11.3,0.8,0.9,10.2,23.8,,1.5,1.6,3.1,0.077,,0.1,-1.4,-1.4,0.3
278,Skal Labissiere,PF,22,TOT,15,117,6.6,0.517,0.367,0.367,3.4,18.7,11,6.6,0.8,2.9,18.7,15.1,,-0.1,0.1,0,0.012,,-5.2,0.1,-5.1,-0.1
278,Skal Labissiere,PF,22,SAC,13,113,6.9,0.517,0.367,0.367,3.6,18.5,10.9,6.8,0.8,2.3,16.7,15.2,,-0.1,0.1,0,0.02,,-4.7,-0.3,-5,-0.1
278,Skal Labissiere,PF,22,POR,2,4,-3.8,,,,0,26,13.3,0,0,20.1,100,10.6,,0,0,0,-0.215,,-19,11,-8,0
279,Jeremy Lamb,SG,26,CHO,59,1684,16.8,0.545,0.322,0.264,3.1,18.1,10.5,11.3,1.8,1,6.5,22.4,,2.3,1.5,3.9,0.11,,0.4,-0.8,-0.4,0.7
280,Zach LaVine,SG,23,CHI,56,1932,18.8,0.574,0.287,0.313,1.9,12.9,7.4,23.3,1.3,1,14,30.5,,1.6,1.2,2.8,0.069,,1.9,-1.6,0.3,1.1
281,Jake Layman,SF,24,POR,51,947,15.6,0.628,0.434,0.139,5.3,12.8,9.1,5.6,1.3,2,9.1,16.1,,1.8,0.9,2.7,0.136,,1.3,-0.4,0.9,0.7
282,T.J. Leaf,PF,21,IND,43,384,15.2,0.576,0.197,0.165,7.2,17.6,12.5,6.8,0.8,2.6,6.8,16.7,,0.6,0.5,1.1,0.136,,-1.5,-0.2,-1.7,0
283,Courtney Lee,SG,33,TOT,19,224,11.3,0.504,0.355,0.274,2.7,12.1,7.3,13.1,2.1,1.1,7.9,14.3,,0.1,0.2,0.3,0.069,,-2.1,-0.2,-2.3,0
283,Courtney Lee,SG,33,NYK,12,160,13.8,0.527,0.34,0.298,3.8,14.3,8.8,14.9,2.4,1.1,8.6,15.4,,0.2,0.1,0.3,0.088,,-1,0,-1,0
283,Courtney Lee,SG,33,DAL,7,64,5.2,0.429,0.4,0.2,0,6.6,3.4,8.7,1.5,1.3,5.8,11.6,,0,0.1,0,0.023,,-4.9,-0.4,-5.4,-0.1
284,Damion Lee,SG,26,GSW,21,247,11.6,0.609,0.551,0.192,3.2,12.9,8.2,1.6,1.9,0,8.6,16,,0.2,0.2,0.5,0.089,,-0.8,-3.1,-3.9,-0.1
285,Alex Len,C,25,ATL,59,1118,16.1,0.562,0.245,0.374,11.3,19.6,15.4,7.8,0.9,4.1,13.8,21.9,,1,0.8,1.9,0.079,,-1.5,-0.6,-2.1,0
286,Kawhi Leonard,SF,27,TOR,46,1589,26.2,0.607,0.257,0.405,4.2,19,11.7,16,2.6,1,8.4,30,,5.1,2.5,7.6,0.23,,4.5,0.8,5.3,2.9
287,Meyers Leonard,C,26,POR,53,772,15.9,0.675,0.472,0.206,5.8,21.8,14,11.6,0.8,0.9,13.7,14.8,,1.9,0.8,2.6,0.164,,1.7,-0.2,1.5,0.7
288,Jon Leuer,PF,29,DET,34,356,14,0.643,0.1,0.29,6.5,20.9,13.5,5.8,1.6,1,16.9,16.3,,0.4,0.5,0.9,0.121,,-2.6,0.4,-2.2,0
289,Caris LeVert,SF,24,BRK,23,635,15.1,0.517,0.315,0.242,3.2,12,7.6,22.7,2,1.2,12.7,25.1,,0.2,0.7,0.9,0.065,,-0.4,0,-0.5,0.2
290,Damian Lillard,PG,28,POR,61,2155,23.7,0.588,0.405,0.34,2.6,11.2,7,29.1,1.6,1,10.9,29.6,,7,1.9,9,0.199,,6.2,-1,5.2,3.9
291,Jeremy Lin,PG,30,TOT,56,1107,15.4,0.578,0.333,0.417,1.7,11.4,6.5,26.6,1.7,0.6,17,22.6,,1.4,0.5,2,0.085,,-0.2,-2.4,-2.6,-0.2
291,Jeremy Lin,PG,30,ATL,51,1003,16,0.594,0.342,0.435,1.7,11.2,6.3,27.1,1.8,0.6,17.6,22.7,,1.5,0.4,1.9,0.093,,0.2,-2.5,-2.3,-0.1
291,Jeremy Lin,PG,30,TOR,5,104,9.4,0.429,0.256,0.256,2.1,13.3,7.8,21.4,0.9,0.8,11.1,22.1,,-0.1,0.1,0,0.004,,-4.2,-1.2,-5.5,-0.1
292,Shaun Livingston,PG,33,GSW,50,765,11.9,0.532,0.011,0.26,5.1,8.1,6.7,15.1,1.7,2.6,13.6,12.7,,0.9,0.7,1.5,0.095,,-2,0.5,-1.5,0.1
293,Zach Lofton,SG,26,DET,1,4,-10,0,1,0,0,0,0,0,12.2,0,50,21.4,,-0.1,0,0,-0.442,,-16.9,8.2,-8.6,0
294,Kevon Looney,C,22,GSW,62,1233,16.6,0.623,0.037,0.315,14,16.4,15.2,11.1,1.3,3.2,11.9,12.2,,3.3,1.4,4.7,0.181,,1.6,1.7,3.3,1.6
295,Brook Lopez,C,30,MIL,63,1768,14.2,0.594,0.667,0.124,1.4,14,8,5.2,0.9,6.8,8.8,16.9,,1.5,3.3,4.8,0.132,,-0.3,2.8,2.5,2
296,Robin Lopez,C,30,CHI,55,1061,14.4,0.591,0.066,0.231,8.7,10,9.3,8.2,0.5,5,15.8,18.1,,0.9,0.6,1.5,0.068,,-2.1,0.7,-1.4,0.2
297,Kevin Love,PF,30,CLE,10,262,21.3,0.572,0.463,0.485,6.5,40.3,22.7,13.4,0.4,1,12.4,31,,0.5,0.2,0.6,0.117,,0.8,-3,-2.1,0
298,Kyle Lowry,PG,32,TOR,51,1762,17,0.565,0.602,0.277,2,12,7.1,36.2,2,1.3,18.1,19.3,,3.2,2.2,5.4,0.148,,2.8,0.3,3.2,2.3
299,Jordan Loyd,PG,25,TOR,8,36,10.9,0.606,0.455,0.455,3,17.7,10.5,7.6,0,0,13.2,18,,0,0,0.1,0.101,,-1.9,-2.8,-4.7,0
300,Kalin Lucas,PG,29,DET,1,6,16.6,0.532,1,2,0,56.3,27.2,20.7,0,0,0,13.4,,0,0,0,0.237,,-1,0.7,-0.3,0
301,Timothe Luwawu-Cabarrot,SF-SG,23,TOT,31,273,4.9,0.42,0.521,0.177,1.9,14.6,8.2,5.6,1.4,0.6,9.6,17.8,,-0.4,0.2,-0.2,-0.034,,-5.7,-2,-7.8,-0.4
301,Timothe Luwawu-Cabarrot,SF,23,OKC,21,123,3.5,0.383,0.512,0.14,3.3,12,7.6,4.1,1.5,0.7,9.9,16.7,,-0.2,0.1,-0.1,-0.031,,-6.7,-1.8,-8.5,-0.2
301,Timothe Luwawu-Cabarrot,SG,23,CHI,10,150,6,0.45,0.528,0.208,0.7,16.8,8.7,6.8,1.3,0.6,9.4,18.7,,-0.2,0.1,-0.1,-0.036,,-5,-2.2,-7.1,-0.2
302,Tyler Lydon,PF,22,DEN,24,90,8.1,0.573,0.588,0.176,7.2,13.3,10.2,7,1.1,0,17.9,10.5,,0.1,0.1,0.1,0.069,,-1.9,-1.3,-3.2,0
303,Trey Lyles,PF,23,DEN,55,1024,13.1,0.503,0.397,0.237,4.3,19.3,11.8,10.9,1.3,2,10.8,23.4,,0,1.2,1.2,0.058,,-2.3,-0.9,-3.2,-0.3
304,Shelvin Mack,PG,28,TOT,55,1228,10.9,0.494,0.323,0.207,1.6,8.1,4.8,23.3,1.9,0.3,12.7,18.2,,0,1.2,1.2,0.047,,-2.4,-1.3,-3.7,-0.5
304,Shelvin Mack,PG,28,MEM,53,1204,11.2,0.499,0.329,0.193,1.7,8.1,4.8,23.6,1.9,0.3,12.8,18.1,,0.1,1.2,1.3,0.051,,-2.2,-1.3,-3.5,-0.4
304,Shelvin Mack,PG,28,CHO,2,24,0.7,0.298,0,1,0,9.1,4.5,5.2,4,0,9,19.8,,-0.1,0,-0.1,-0.137,,-10.8,-0.8,-11.6,-0.1
305,Daryl Macon,SG,23,DAL,4,8,19.6,1,0,0,0,0,0,0,6,0,33.3,16.1,,0,0,0,0.086,,-0.5,1.6,1.1,0
306,J.P. Macura,SG,23,CHO,1,14,0.6,0.25,0.5,0,0,15.6,7.7,20.6,0,0,0,24.5,,-0.1,0,-0.1,-0.21,,-8.2,-5,-13.1,0
307,Ian Mahinmi,C,32,WAS,31,445,12.4,0.567,0.145,0.723,9.4,17.1,13.2,7,2.5,2.9,15.5,12.4,,0.5,0.5,1,0.105,,-2.2,1.7,-0.5,0.2
308,Thon Maker,C-PF,21,TOT,43,531,11.7,0.53,0.578,0.271,4.7,18.7,12,5.5,1.2,3.6,8.4,16.1,,0.3,0.9,1.2,0.107,,-2.4,0.8,-1.5,0.1
308,Thon Maker,C,21,MIL,35,409,13,0.546,0.582,0.276,4.5,18.8,12.1,5.8,1.1,3.7,5.7,16.4,,0.4,0.7,1.1,0.135,,-1.5,0.7,-0.7,0.1
308,Thon Maker,PF,21,DET,8,122,7.4,0.465,0.563,0.25,5.2,18.5,11.6,4.5,1.2,3.5,18.4,15.3,,-0.1,0.2,0,0.014,,-5.4,1.3,-4.1,-0.1
309,Boban Marjanovic,C,30,TOT,43,495,24.3,0.675,0.017,0.612,14.9,26.9,21.1,10.4,1.2,3.6,17.5,23.4,,1.4,0.7,2.2,0.211,,1,0.8,1.8,0.5
309,Boban Marjanovic,C,30,LAC,36,376,25.2,0.666,0.014,0.679,16,26.6,21.5,9.5,1.4,3.6,16.9,24.6,,1.2,0.5,1.7,0.22,,1.3,0.5,1.7,0.3
309,Boban Marjanovic,C,30,PHI,7,119,21.7,0.713,0.026,0.368,11.2,28,19.8,13.4,0.8,3.9,19.9,19.5,,0.3,0.2,0.4,0.18,,0.2,1.7,1.9,0.1
310,Lauri Markkanen,PF,21,CHI,40,1330,18.1,0.57,0.424,0.242,4.4,26.1,15.3,6.9,1.1,1.7,8.4,24.9,,1.4,1.3,2.7,0.099,,0.2,-1.5,-1.3,0.2
311,Jarell Martin,PF,24,ORL,32,254,9.6,0.544,0.481,0.099,2.9,19.3,11,8,0.4,2.3,11.5,16.4,,0,0.3,0.3,0.062,,-3.4,-0.5,-4,-0.1
312,Frank Mason,PG,24,SAC,34,395,12.7,0.499,0.352,0.373,1,9,4.9,27.8,1.9,0.9,15.4,20.3,,0.1,0.3,0.4,0.048,,-2.1,-2.1,-4.2,-0.2
313,Wesley Matthews,SF-SG,32,TOT,54,1624,11.2,0.558,0.583,0.247,1.5,6.8,4.2,11.3,1.3,0.7,10.2,18.5,,1.4,1.2,2.6,0.075,,0.2,-1.4,-1.2,0.3
313,Wesley Matthews,SF,32,DAL,44,1312,11.4,0.556,0.561,0.235,1.7,6.6,4.2,11.8,1.2,0.8,10.1,18.8,,1.1,0.9,2,0.072,,0.2,-1.3,-1.1,0.3
313,Wesley Matthews,SG,32,NYK,2,54,2.9,0.33,0.526,0.263,1.9,4,2.9,12.7,0.9,1.6,8.6,18.2,,-0.1,0,-0.1,-0.112,,-6.1,-3.2,-9.3,-0.1
313,Wesley Matthews,SG,32,IND,8,258,12.3,0.629,0.731,0.321,0.4,8.4,4.5,8.8,1.5,0.3,11,17,,0.4,0.3,0.7,0.13,,1.4,-1.4,0,0.1
314,Luc Mbah a Moute,PF,32,LAC,4,61,6.8,0.495,0.333,0.278,3.6,8.4,6.1,4.6,0.8,1.3,9,15.4,,0,0,0,0.01,,-3.2,-2,-5.2,0
315,Patrick McCaw,SG,23,TOT,17,215,6.7,0.445,0.415,0.22,3.6,12.5,8.1,8.2,3.4,0.4,19.7,11.2,,-0.2,0.3,0.1,0.028,,-3.9,1.8,-2.1,0
315,Patrick McCaw,SG,23,CLE,3,53,-0.7,0.278,0.444,0,0,6.6,3.1,5,1.9,0,25,9.9,,-0.2,0,-0.2,-0.137,,-8.2,-1.2,-9.4,-0.1
315,Patrick McCaw,SG,23,TOR,14,162,9.2,0.487,0.406,0.281,4.7,14.5,9.7,9.3,3.8,0.5,18.2,11.6,,0,0.3,0.3,0.082,,-2.5,2.8,0.3,0.1
316,CJ McCollum,SG,27,POR,61,2080,16.9,0.552,0.354,0.156,2.9,9.8,6.4,13.3,1.2,0.9,7.7,25.9,,3.2,1.5,4.7,0.109,,1.9,-1.8,0.1,1.1
317,T.J. McConnell,PG,26,PHI,57,1155,14.5,0.577,0.112,0.09,2.2,9.5,6,27.1,2.9,0.9,18,14.4,,1.4,1.4,2.9,0.119,,-0.8,0.3,-0.5,0.4
318,Doug McDermott,SF,27,IND,59,1010,11.1,0.618,0.559,0.222,1.2,7.4,4.4,7.2,0.6,0.6,8.7,15.5,,1.4,0.9,2.3,0.108,,0.1,-2,-2,0
319,JaVale McGee,C,31,LAL,56,1186,21,0.629,0.018,0.249,11.7,20.5,16.2,4.9,1.3,7.1,13.6,20,,2,2,4,0.161,,-1.2,2.6,1.4,1
320,Rodney McGruder,SG,27,MIA,56,1379,9.6,0.517,0.48,0.136,3.9,12.4,8.1,10.9,1.1,0.6,11.9,15.6,,0.4,1.3,1.7,0.059,,-1.6,-0.3,-2,0
321,Alfonzo McKinnie,SF,26,GSW,53,736,10.7,0.55,0.411,0.148,9.7,16.1,13,4,0.8,1.3,9.7,14.3,,0.7,0.6,1.3,0.085,,-1.1,-1.9,-3.1,-0.2
322,Ben McLemore,SG,25,SAC,19,158,10.5,0.541,0.641,0.188,1.9,9.2,5.5,3.4,1.8,1.6,6.7,19.3,,0.1,0.1,0.2,0.057,,-1.1,-2.4,-3.5,-0.1
323,Jordan McRae,SG,27,WAS,19,172,13.6,0.568,0.227,0.182,2.5,11.1,6.7,9.5,1.6,2.5,11.2,19.8,,0.1,0.1,0.2,0.044,,-2.9,-1.6,-4.5,-0.1
324,Jodie Meeks,SG,31,TOR,2,24,15.8,0.577,0.615,0,0,17.7,9,6.7,0,0,0,23.1,,0,0,0.1,0.121,,1.2,-4.9,-3.7,0
325,Salah Mejri,C,32,DAL,21,183,12.6,0.519,0.154,0.308,10.7,23.2,17,10.2,1.3,3.2,15.3,12.2,,0.2,0.3,0.4,0.113,,-3.1,2.6,-0.5,0.1
326,De'Anthony Melton,PG,20,PHO,37,727,10.1,0.454,0.397,0.086,2.9,12.3,7.5,23.1,3.5,2.1,20.5,16.1,,-0.7,0.6,0,-0.002,,-3.4,1.1,-2.3,-0.1
327,Chimezie Metu,PF,21,SAS,28,140,6,0.382,0.037,0.315,7.1,19.4,13.3,12.4,2.1,1.2,19.6,24,,-0.5,0.2,-0.3,-0.108,,-8.8,-0.3,-9.1,-0.2
328,Khris Middleton,SF,27,MIL,60,1875,15.9,0.557,0.423,0.246,1.9,16.9,9.8,19.4,1.5,0.2,12.6,24.3,,1.9,2.9,4.8,0.122,,0.4,0.1,0.5,1.2
329,C.J. Miles,SF,31,TOT,47,714,8.1,0.482,0.643,0.183,1.8,10.5,6.2,6.6,1.5,1.3,8.4,18.7,,-0.3,0.8,0.4,0.029,,-2.5,-1.4,-3.9,-0.3
329,C.J. Miles,SF,31,TOR,40,562,8.1,0.484,0.665,0.214,2.3,10.6,6.5,5.2,1.5,1.5,8.5,18.7,,-0.2,0.6,0.4,0.035,,-2.2,-1.2,-3.4,-0.2
329,C.J. Miles,SF,31,MEM,7,152,7.9,0.477,0.561,0.07,0,9.9,4.8,11.4,1.3,0.6,7.8,18.9,,-0.1,0.1,0,0.008,,-3.3,-2.2,-5.4,-0.1
330,Darius Miller,SF,28,NOP,57,1448,8.4,0.556,0.775,0.128,0.7,6.5,3.6,9.4,1.2,1.2,9.8,13,,1,0.6,1.6,0.052,,0.2,-1.4,-1.3,0.3
331,Malcolm Miller,SF,25,TOR,1,5,11.6,0.5,0.667,0,0,21.3,10.8,0,0,0,0,25.6,,0,0,0,0.035,,-3.9,-8.9,-12.8,0
332,Patty Mills,PG,30,SAS,64,1521,13.2,0.574,0.586,0.167,1.6,9.2,5.4,17.4,1.3,0.5,12.1,18.1,,1.8,0.8,2.7,0.084,,1.5,-2,-0.5,0.6
333,Paul Millsap,PF,33,DEN,51,1338,18.9,0.573,0.226,0.398,8.9,20.2,14.5,10,2.6,3.1,11,19.9,,2.4,2.2,4.6,0.165,,0.6,2.2,2.8,1.6
334,Shake Milton,SG,22,PHI,13,126,14.9,0.56,0.543,0.109,6.1,10.7,8.5,14.8,1.5,1.9,5.9,17.1,,0.2,0.1,0.4,0.141,,1.5,-1,0.4,0.1
335,Nikola Mirotic,PF,27,TOT,38,1056,17.9,0.595,0.582,0.226,5.2,23.6,14.6,5.9,1.1,2.3,7.3,21.5,,2,1.1,3.1,0.143,,1.7,-1.5,0.2,0.6
335,Nikola Mirotic,PF,27,NOP,32,925,17.7,0.591,0.568,0.248,5.3,24.1,14.9,5.3,1.1,2.2,7.6,21.8,,1.7,0.9,2.6,0.134,,1.6,-1.7,-0.1,0.4
335,Nikola Mirotic,PF,27,MIL,6,131,19.5,0.621,0.684,0.07,4.2,20,12.6,9.9,1.1,2.6,4.9,19.8,,0.3,0.2,0.5,0.2,,2.7,-0.1,2.6,0.2
336,Donovan Mitchell,SG,22,UTA,58,1954,16.5,0.523,0.343,0.258,2.3,10.6,6.5,21.2,2,0.9,11.2,31.9,,0.3,2.7,3,0.073,,0.3,-0.4,-0.1,1
337,Naz Mitrou-Long,SG,25,UTA,10,39,-2.9,0.313,0.75,0,0,5.5,2.8,13.3,0,0,27.3,12.1,,-0.1,0,-0.1,-0.103,,-8.3,-2.3,-10.6,-0.1
338,Malik Monk,SG,20,CHO,58,1028,12.3,0.518,0.543,0.184,1.2,9.3,5.2,15,1.3,1.3,11.9,25.6,,-0.2,0.6,0.4,0.017,,-0.9,-3.1,-4,-0.5
339,Greg Monroe,C,28,TOR,38,423,13.6,0.487,0.025,0.379,15.6,24.2,19.9,5.4,1.5,1.6,14.2,22.1,,0,0.7,0.6,0.069,,-4.5,-0.6,-5.1,-0.3
340,E'Twaun Moore,SF,29,NOP,51,1422,11.8,0.57,0.33,0.112,2.6,6.5,4.6,9.7,1.3,0.5,9.6,17.4,,1.3,0.5,1.8,0.062,,0.1,-1.9,-1.8,0.1
341,Eric Moreland,PF,27,PHO,1,5,3.9,,,,0,68.7,33.7,0,0,0,,0,,0,0,0,0.075,,-14.2,-4,-18.2,0
342,Jaylen Morris,SG,23,MIL,4,29,12.3,0.46,0.3,0.2,0,16.8,8.9,18.1,3.2,0,8.4,17.2,,0,0.1,0.1,0.087,,-3.7,0.9,-2.8,0
343,Marcus Morris,PF,29,BOS,58,1610,15.2,0.588,0.466,0.196,3.7,20,11.8,7.3,1,1,9.2,21,,2.1,2.1,4.1,0.123,,0.2,-1,-0.9,0.5
344,Markieff Morris,PF,29,TOT,39,976,12.4,0.546,0.44,0.227,4.6,17.1,10.7,9.3,1.4,1.9,10.8,19.3,,0.6,0.7,1.3,0.062,,-1.2,-0.9,-2.1,0
344,Markieff Morris,PF,29,WAS,34,883,12.2,0.543,0.439,0.223,5,16.9,10.8,9.7,1.3,1.9,11.5,19.6,,0.4,0.6,0.9,0.051,,-1.2,-0.9,-2.1,0
344,Markieff Morris,PF,29,OKC,5,93,14.3,0.582,0.455,0.273,1.1,19.2,10,5.9,1.5,1.8,2.6,16.6,,0.2,0.1,0.3,0.166,,-1.3,-0.7,-2.1,0
345,Monte Morris,PG,23,DEN,62,1513,16.3,0.57,0.313,0.103,1.9,9.9,5.9,22.1,1.8,0.2,6.4,17,,3.4,1.4,4.8,0.152,,1.6,-1.3,0.3,0.9
346,Johnathan Motley,PF,23,LAC,16,131,16.7,0.536,0.049,0.541,12.5,18.9,15.8,10,1.4,1.2,14.7,28.6,,0,0.1,0.2,0.063,,-2.7,-2,-4.7,-0.1
347,Emmanuel Mudiay,PG,22,NYK,43,1136,15.7,0.535,0.274,0.25,2.5,10.2,6.2,24.4,1.4,1,13.6,25.7,,0.5,0.5,1,0.04,,0.3,-2,-1.7,0.1
348,Jamal Murray,PG,21,DEN,56,1861,15.1,0.529,0.345,0.19,3,10.8,6.9,22,1.2,1,11.7,24.9,,1.8,1.6,3.4,0.088,,0.6,-1.3,-0.7,0.6
349,Dzanan Musa,SG,19,BRK,8,34,2.9,0.383,0.45,0.1,3.1,9.4,6.3,5,2.8,0,16.1,30.9,,-0.2,0,-0.2,-0.229,,-9.9,-3.6,-13.5,-0.1
350,Mike Muscala,PF,27,TOT,52,1091,10.4,0.555,0.722,0.261,5.3,14.5,10,8,0.8,2.3,11.6,14.3,,0.9,1,2,0.087,,-0.3,-0.2,-0.5,0.4
350,Mike Muscala,PF,27,PHI,47,1041,10.4,0.56,0.716,0.277,5.4,14.9,10.3,7.9,0.8,2,12.1,14.3,,0.9,1,1.9,0.088,,-0.2,-0.2,-0.4,0.4
350,Mike Muscala,PF,27,LAL,5,50,10.5,0.471,0.824,0,2.1,6,4.1,10.4,0,8,0,14.1,,0,0,0.1,0.072,,-1.7,0.5,-1.1,0
351,Sviatoslav Mykhailiuk,SF-SG,21,TOT,41,434,6.1,0.453,0.638,0.145,2,6.3,4.2,11.1,1.4,0.2,12.5,16,,-0.4,0.3,-0.1,-0.01,,-3.5,-2.3,-5.8,-0.4
351,Sviatoslav Mykhailiuk,SF,21,LAL,39,420,5.9,0.451,0.644,0.152,2,6.2,4.2,10,1.4,0.2,12.4,15.9,,-0.4,0.3,-0.1,-0.013,,-3.6,-2.2,-5.8,-0.4
351,Sviatoslav Mykhailiuk,SG,21,DET,2,14,13.2,0.5,0.5,0,0,8,3.9,43.2,0,0,14.3,21.4,,0,0,0,0.088,,-1.2,-5.9,-7,0
352,Abdel Nader,SF,25,OKC,43,453,9.3,0.545,0.391,0.159,2,15.8,8.8,3.8,1.2,0.7,9.2,14.6,,0.2,0.5,0.7,0.077,,-3.9,-1.3,-5.3,-0.4
353,Larry Nance,C,26,CLE,53,1382,18.3,0.577,0.177,0.302,10.3,24.4,17,17.7,2.6,2.1,14.9,15.5,,2.5,1.2,3.7,0.128,,1.2,2.4,3.6,2
354,Shabazz Napier,PG,27,BRK,52,929,15.5,0.533,0.516,0.334,1.6,8.8,5.2,22.7,2.1,1.3,12.1,24.5,,0.9,0.9,1.8,0.091,,0.4,-1.3,-0.9,0.3
355,Raul Neto,PG,26,UTA,25,300,13.9,0.587,0.385,0.208,1.1,13.2,7.2,28.5,1.4,0.3,17.4,18.1,,0.4,0.4,0.8,0.123,,-0.7,-0.8,-1.5,0
356,Georges Niang,PF,25,UTA,42,312,11.9,0.597,0.683,0.125,2.5,16.1,9.4,10,1.1,0.8,10.6,16.8,,0.3,0.4,0.7,0.112,,-0.3,-0.7,-1,0.1
357,Joakim Noah,C,33,MEM,34,531,19.5,0.577,0.006,0.528,10.4,28.8,19.4,19.6,1.4,4.7,15.7,20,,0.9,1,1.8,0.167,,-1.6,3.8,2.2,0.6
358,Nerlens Noel,C,24,OKC,58,831,19.6,0.596,0,0.259,12.4,21.1,16.7,5.7,3.2,7.6,12.5,13.7,,1.5,2,3.5,0.205,,-1.6,5.7,4.1,1.3
359,Dirk Nowitzki,PF,40,DAL,31,400,8.2,0.465,0.64,0.114,0.3,18,9.3,6.2,0.6,1.9,4.2,20.5,,-0.2,0.4,0.2,0.02,,-3.6,-2,-5.6,-0.4
360,Frank Ntilikina,PG,20,NYK,41,872,6.2,0.419,0.4,0.102,1.2,9,4.9,19.1,1.7,1.4,15.8,16.6,,-1.2,0.4,-0.8,-0.042,,-4.3,-1,-5.2,-0.7
361,James Nunnally,SF,28,TOT,15,102,7.3,0.503,0.735,0.118,0,5.4,2.6,9.6,0.5,0,2.7,15.3,,0.1,0,0.1,0.037,,-1.6,-4.9,-6.5,-0.1
361,James Nunnally,SF,28,MIN,13,64,12.1,0.593,0.619,0.19,0,6.8,3.3,10.9,0.7,0,4.2,15.5,,0.1,0,0.1,0.105,,0.3,-4.3,-4,0
361,James Nunnally,SF,28,HOU,2,38,-0.8,0.346,0.923,0,0,3.1,1.5,7.3,0,0,0,14.8,,-0.1,0,-0.1,-0.077,,-4.8,-5.9,-10.7,-0.1
362,Jusuf Nurkic,C,24,POR,61,1659,23.3,0.571,0.038,0.444,13.2,25.9,19.7,17.7,1.8,4.4,14.5,24.4,,3.8,2.8,6.6,0.191,,1.5,3.7,5.2,3
363,David Nwaba,SG,26,CLE,32,591,12.5,0.55,0.314,0.403,4.7,14.5,9.4,8.6,1.7,1.3,8.3,15.1,,0.7,0.2,0.8,0.069,,-1,-1,-2,0
364,Royce O'Neale,SF,25,UTA,62,1184,9.7,0.594,0.476,0.144,1.8,17.3,9.6,9.9,1.7,1.4,16.6,11.5,,0.6,1.8,2.3,0.095,,-2.1,2.3,0.2,0.7
365,Kyle O'Quinn,C,28,IND,37,308,14.9,0.524,0.106,0.144,8.6,25.8,17.4,20.8,1,5.8,19,19.4,,0.1,0.6,0.7,0.11,,-3.1,3.9,0.8,0.2
366,Semi Ojeleye,PF,24,BOS,42,454,9.1,0.54,0.587,0.198,4.2,11.6,7.9,5.3,0.9,0.8,9,13.7,,0.3,0.4,0.7,0.073,,-2.1,-1.4,-3.4,-0.2
367,Jahlil Okafor,C,23,NOP,44,652,18.8,0.613,0.004,0.254,10.8,20.7,15.9,6.1,0.8,3.4,11,19.6,,1.3,0.6,1.9,0.138,,-0.9,-0.7,-1.5,0.1
368,Elie Okobo,PG,21,PHO,42,778,6.9,0.47,0.445,0.147,1.1,10.7,5.8,19.6,1.5,0.5,18.1,17.1,,-0.8,0.2,-0.6,-0.037,,-4.2,-2.3,-6.5,-0.9
369,Josh Okogie,SG,20,MIN,54,1231,8.6,0.478,0.429,0.317,2.8,11.5,7.1,6.7,2.3,1.5,11,16.4,,-0.4,1,0.6,0.023,,-2.6,0.2,-2.4,-0.1
370,Victor Oladipo,SG,26,IND,36,1147,17.7,0.519,0.367,0.24,2.1,17.2,9.8,24.9,2.6,0.9,11.2,27.9,,0.5,2,2.5,0.103,,1.2,1,2.2,1.2
371,Kelly Olynyk,PF,27,MIA,59,1267,15.2,0.62,0.578,0.313,4.6,18,11.3,12.7,1.4,1.6,15.9,19.1,,1.8,1.6,3.4,0.128,,0.9,0.3,1.2,1
372,Cedi Osman,SF,23,CLE,57,1795,11.7,0.547,0.44,0.227,2,15.1,8.3,11.6,1.2,0.5,11.9,18.8,,0.9,0.2,1.1,0.03,,-0.5,-1.7,-2.2,-0.1
373,Kelly Oubre,SF,23,TOT,62,1702,14.4,0.544,0.419,0.282,3.7,14.9,9.2,6.8,2,2.5,9.4,22.7,,0.6,1.1,1.7,0.049,,-1.2,-1.3,-2.5,-0.2
373,Kelly Oubre,SF,23,WAS,29,755,13.2,0.545,0.433,0.279,3.4,15.6,9.4,3.8,1.7,2.3,8.1,21,,0.3,0.5,0.8,0.053,,-1.9,-1.8,-3.7,-0.3
373,Kelly Oubre,SF,23,PHO,33,947,15.4,0.544,0.409,0.284,4,14.4,9.1,9.1,2.2,2.7,10.4,24.1,,0.3,0.6,0.9,0.046,,-0.6,-0.9,-1.6,0.1
374,Zaza Pachulia,C,34,DET,51,715,14.6,0.538,0.026,0.671,13,21.4,17.1,13.8,2,1.9,17.3,14.5,,1,1.1,2.2,0.144,,-1.5,3.1,1.6,0.6
375,Jabari Parker,PF,23,TOT,47,1250,14.2,0.54,0.255,0.24,4.4,21.6,13,14.6,1.2,1.3,15.5,24.6,,-0.5,1,0.6,0.022,,-2.3,-0.5,-2.8,-0.3
375,Jabari Parker,PF,23,CHI,39,1042,14.6,0.543,0.246,0.233,4.3,21,12.6,13.4,1.1,1.2,14.1,25.1,,-0.2,0.8,0.6,0.027,,-2,-0.8,-2.9,-0.2
375,Jabari Parker,PF,23,WAS,8,208,12.4,0.517,0.311,0.284,5.2,24.8,14.8,20.6,2,2.1,23.1,22.1,,-0.2,0.2,0,-0.003,,-3.8,1.2,-2.6,0
376,Tony Parker,PG,36,CHO,51,923,15.3,0.506,0.101,0.276,1.5,7.6,4.5,33.6,0.9,0.7,12.3,25.4,,0.6,0.3,1,0.05,,-1.5,-3.7,-5.3,-0.8
377,Chandler Parsons,SF,30,MEM,8,136,3.8,0.383,0.62,0.04,0.8,16.2,8.3,8.9,1.8,0.7,10.5,18.9,,-0.4,0.2,-0.2,-0.067,,-6.3,-1,-7.3,-0.2
378,Patrick Patterson,PF,29,OKC,58,844,8.4,0.497,0.627,0.138,5,12.8,8.8,4.6,0.9,1.3,8.4,12.1,,0.3,0.9,1.2,0.068,,-2.8,-0.6,-3.4,-0.3
379,Chris Paul,PG,33,HOU,39,1278,19.5,0.566,0.484,0.309,2,13.6,7.6,39.1,3,0.7,16.6,22.5,,3,1.2,4.2,0.157,,2.8,-0.6,2.2,1.4
380,Cameron Payne,PG,24,TOT,40,712,11.6,0.519,0.377,0.184,2,9.2,5.6,22.1,1.9,1.1,15.7,17.6,,0.1,0.4,0.5,0.033,,-2,-1.5,-3.5,-0.3
380,Cameron Payne,PG,24,CHI,31,536,10.3,0.492,0.351,0.149,2,8.8,5.4,22.7,1.8,1,16,17.5,,-0.1,0.3,0.2,0.017,,-2.8,-1.4,-4.2,-0.3
380,Cameron Payne,PG,24,CLE,9,176,15.3,0.596,0.455,0.291,1.8,10.5,6,20.3,2.3,1.5,15.1,18.2,,0.2,0.1,0.3,0.082,,0.5,-1.6,-1.1,0
381,Elfrid Payton,PG,24,NOP,25,703,12.7,0.488,0.208,0.165,3.6,11.8,7.8,31.2,1.9,1.1,19.9,18.5,,0.1,0.5,0.6,0.041,,-1.5,-0.3,-1.9,0
382,Gary Payton,PG,26,WAS,3,16,36.9,0.688,0.25,0,6.7,7,6.9,45.3,8.8,5.3,11.1,23.9,,0.1,0,0.1,0.358,,9.7,5.2,14.9,0.1
383,Theo Pinson,SG,23,BRK,11,161,8.1,0.5,0.577,0.308,1.3,18,9.6,14.9,1.2,0,19.2,19.2,,-0.1,0.1,0,0.004,,-4.1,-1,-5.1,-0.1
384,Mason Plumlee,C,28,DEN,62,1280,18.8,0.622,0.021,0.469,11.2,21.4,16.3,18.5,2.1,3.8,19.4,16.9,,2.4,2.1,4.5,0.17,,0.7,3.6,4.3,2
385,Miles Plumlee,C,30,ATL,18,173,19,0.654,0,0.625,9.7,14.4,12.1,14.9,1.6,2,14,16.8,,0.4,0.1,0.5,0.145,,0.3,-0.4,0,0.1
386,Jakob Poeltl,C,23,SAS,60,923,19.1,0.629,0,0.344,15.9,20.1,18,11,0.9,4.1,14.5,14.1,,2.4,1,3.4,0.178,,1.5,2,3.4,1.3
387,Quincy Pondexter,SF,30,SAS,46,262,13.5,0.631,0.34,0.717,3.4,14.5,9,11.4,1.7,0.3,12.5,13.3,,0.5,0.2,0.7,0.131,,-0.2,-0.9,-1.1,0.1
388,Otto Porter,SF,25,TOT,49,1469,15.8,0.57,0.399,0.149,3.7,17.2,10.4,10.4,2.3,1.6,8.6,18.9,,1.6,1.3,2.9,0.094,,0.2,0.2,0.4,0.9
388,Otto Porter,SF,25,WAS,41,1191,15,0.551,0.398,0.145,3.6,18,10.6,9.7,2.5,1.6,7.8,18.2,,1,1.1,2.1,0.084,,-0.3,0.4,0.1,0.6
388,Otto Porter,SF,25,CHI,8,278,19.4,0.646,0.404,0.167,4.3,14.2,9.2,13.8,1.4,1.9,11.6,21.9,,0.6,0.2,0.8,0.135,,2.7,-0.7,2,0.3
389,Bobby Portis,PF,23,TOT,30,750,16.5,0.532,0.279,0.171,8.9,24.7,16.7,9.1,1.3,1.2,9.8,25.5,,0.3,0.7,1,0.062,,-1.3,-1.7,-3,-0.2
389,Bobby Portis,PF,23,CHI,22,531,17.2,0.529,0.266,0.185,9.5,23.7,16.6,9.4,1,1.3,9,26.6,,0.3,0.5,0.7,0.065,,-0.9,-2,-2.9,-0.1
389,Bobby Portis,PF,23,WAS,8,219,14.8,0.54,0.316,0.133,7.4,27.1,17,8.3,2.2,0.8,11.9,22.8,,0,0.2,0.3,0.056,,-2.2,-1.1,-3.3,-0.1
390,Dwight Powell,C,27,DAL,58,1087,19.8,0.66,0.257,0.515,8.7,17.6,13.2,10.3,1.4,2.6,10.5,18,,3.3,1.3,4.6,0.205,,2,1.1,3.1,1.4
391,Norman Powell,SG,25,TOR,41,758,12.5,0.571,0.43,0.202,1.3,9.5,5.5,11.9,1.6,1,11.2,18.1,,0.7,0.8,1.5,0.094,,-0.5,-0.6,-1.1,0.2
392,Alex Poythress,PF,25,ATL,18,243,12.8,0.593,0.277,0.323,10.4,15.6,13,7.6,0.6,2.8,11.9,14.1,,0.4,0.1,0.5,0.093,,-1,-0.9,-1.9,0
393,Zhou Qi,PF,23,HOU,1,1,80.7,1,0,0,0,0,0,0,0,0,0,43.2,,0,0,0,1.254,,22.2,-13.2,9.1,0
394,Ivan Rabb,PF,21,MEM,33,401,19,0.641,0.057,0.328,11.9,22.5,17.1,12.3,1,1.9,13.1,18.1,,0.9,0.5,1.5,0.177,,-0.1,0.5,0.4,0.2
395,Chasson Randle,PG,25,WAS,32,488,9.7,0.57,0.493,0.282,1.5,7.6,4.5,18.7,1.5,0.2,18,16.9,,0.2,0.1,0.3,0.034,,-1.8,-3,-4.8,-0.3
396,Julius Randle,C,24,NOP,58,1739,21.4,0.61,0.17,0.476,7.6,23,15.5,15.1,1.1,1.7,13.5,26.7,,3.9,1.6,5.5,0.151,,2,-0.2,1.8,1.7
397,J.J. Redick,SG,34,PHI,59,1848,14.6,0.595,0.576,0.249,1,6.8,4,13.2,0.6,0.5,8.6,22,,3.3,1,4.3,0.111,,2.3,-3.3,-1,0.5
398,Davon Reed,SG,23,IND,7,20,8.7,0.625,0.25,0,5.7,5.4,5.6,13,0,0,20,10.9,,0,0,0,0.078,,-2.2,-2.4,-4.6,0
399,Josh Richardson,SG,25,MIA,60,2091,14.4,0.546,0.447,0.232,2.3,8.9,5.6,17.8,1.5,1.2,9.7,21.6,,2.7,2,4.7,0.109,,1.3,-0.7,0.6,1.4
400,Malachi Richardson,SG,23,TOR,22,103,0.9,0.481,0.862,0.172,2.1,11.4,6.8,0,0.5,0,20.4,16.2,,-0.2,0.1,-0.1,-0.06,,-6.1,-4.5,-10.6,-0.2
401,Austin Rivers,SG-PG,26,TOT,58,1609,8.1,0.508,0.576,0.176,1.5,8.1,4.7,12.3,1.1,1.1,10.6,14.8,,0.4,0.4,0.8,0.024,,-1.8,-1.8,-3.6,-0.7
401,Austin Rivers,SG,26,WAS,29,683,6.8,0.49,0.546,0.237,1.7,9.8,5.7,11.3,1.2,1.3,14.4,15.6,,-0.4,0.2,-0.2,-0.014,,-3.1,-1.4,-4.6,-0.4
401,Austin Rivers,PG,26,HOU,29,926,9,0.522,0.598,0.132,1.3,6.8,3.9,13.1,1,0.9,7.6,14.2,,0.8,0.2,1,0.052,,-0.8,-2.1,-2.9,-0.2
402,Devin Robinson,SF,23,WAS,4,32,26,0.607,0,0.462,6.7,17.5,12,10.2,4.4,2.7,0,20.8,,0.1,0,0.1,0.222,,1.3,1.1,2.4,0
403,Duncan Robinson,PF,24,MIA,9,77,7.8,0.551,0.85,0.1,0,13.9,7,1.8,1.3,0,4.6,12.1,,0,0.1,0.1,0.065,,-2.6,-2.2,-4.8,-0.1
404,Glenn Robinson,SF,25,DET,34,454,7.1,0.488,0.354,0.26,2.6,8.4,5.4,4.1,1.2,1.3,10.7,15,,-0.2,0.4,0.3,0.028,,-4.4,-0.4,-4.8,-0.3
405,Jerome Robinson,SG,21,LAC,24,223,7,0.478,0.519,0.076,1.5,11.1,6.4,5.1,1.5,0.7,4.7,16.2,,-0.1,0.2,0.1,0.022,,-2.5,-2,-4.5,-0.1
406,Mitchell Robinson,C,20,NYK,46,854,21.9,0.687,0,0.44,13.7,15,14.3,4.5,2,10.4,8.7,11.9,,2.6,1.3,3.8,0.214,,1.1,5.5,6.7,1.9
407,Rajon Rondo,PG,32,LAL,29,811,11.7,0.476,0.296,0.095,3.1,15,9.3,34.7,1.6,0.4,22.6,17.4,,-0.1,0.8,0.7,0.043,,-2.3,0,-2.3,-0.1
408,Derrick Rose,PG,30,MIN,46,1290,19.5,0.558,0.206,0.22,2.4,8.4,5.3,26.9,1.1,0.8,9.3,26.9,,2.6,0.5,3.1,0.114,,2.5,-2.8,-0.3,0.6
409,Terrence Ross,SG,27,ORL,64,1679,15.2,0.553,0.521,0.129,1.5,12.8,7,9.5,1.6,1.1,7,24,,1.1,1.9,3,0.086,,0.7,-1.3,-0.6,0.6
410,Terry Rozier,PG,24,BOS,61,1402,13.2,0.494,0.5,0.146,2,17,9.5,18.5,2,1.1,8.8,18.5,,0.8,2,2.8,0.096,,-0.9,0.7,-0.2,0.6
411,Ricky Rubio,PG,28,UTA,54,1559,13.4,0.523,0.37,0.271,1.8,11.9,6.9,31,2.2,0.5,18.6,22.8,,0.3,2.2,2.5,0.077,,-0.7,0.5,-0.2,0.7
412,D'Angelo Russell,PG,22,BRK,64,1926,19.2,0.536,0.414,0.135,2,11.1,6.5,40,1.7,0.7,13.4,31,,2.1,1.7,3.8,0.096,,3.6,-1.1,2.5,2.2
413,Domantas Sabonis,C,22,IND,59,1467,22.9,0.65,0.026,0.419,11.7,29.5,20.9,17.2,1.4,1.6,16.3,23,,3.9,2.8,6.7,0.219,,2,2.3,4.3,2.3
414,Brandon Sampson,SG,21,CHI,4,28,16,0.857,0.571,0,0,15.6,7.8,5.6,0,0,0,11,,0.1,0,0.1,0.175,,2.2,-3.5,-1.3,0
415,Dario Saric,PF,24,TOT,61,1516,12.4,0.552,0.476,0.209,6.8,17.9,12.3,8.6,1.1,0.4,11.5,17.3,,1.5,1.1,2.6,0.084,,0,-1.1,-1.1,0.3
415,Dario Saric,PF,24,PHI,13,396,8.1,0.496,0.53,0.227,5.9,17.1,11.6,8.9,0.5,0.6,14.7,18,,-0.1,0.3,0.2,0.025,,-2.4,-1.3,-3.7,-0.2
415,Dario Saric,PF,24,MIN,48,1120,14,0.572,0.457,0.203,7.1,18.2,12.6,8.5,1.3,0.3,10.3,17,,1.6,0.8,2.4,0.104,,0.8,-1.1,-0.3,0.5
416,Tomas Satoransky,SG,27,WAS,60,1500,14.1,0.598,0.307,0.261,3.9,10.1,6.9,23.7,1.9,0.6,16.2,14,,2.6,0.7,3.3,0.107,,0.3,-0.9,-0.6,0.5
417,Dennis Schroder,PG,25,OKC,59,1682,13.1,0.507,0.311,0.212,1.6,10.6,6.1,21.3,1.5,0.4,13,25.1,,0.2,1.8,2,0.057,,-1.8,-1.5,-3.3,-0.6
418,Mike Scott,PF,30,TOT,61,949,9.4,0.531,0.584,0.084,3.5,17.7,10.8,7.8,1,0.9,10,15.2,,0.3,0.8,1.1,0.057,,-1.3,-1,-2.3,-0.1
418,Mike Scott,PF,30,LAC,52,748,9.5,0.521,0.578,0.078,3.5,20.6,12.3,8.2,1.1,0.8,10.2,15,,0.2,0.7,0.9,0.056,,-1.5,-0.7,-2.2,0
418,Mike Scott,PF,30,PHI,9,201,9,0.565,0.606,0.106,3.3,6.7,5.1,6.2,0.7,1.2,9.2,15.9,,0.1,0.1,0.2,0.059,,-0.6,-2.2,-2.8,0
419,Thabo Sefolosha,SF,34,UTA,32,336,12,0.627,0.5,0.194,2,24.2,13.2,5,3.7,0.5,17.9,12.1,,0.1,0.7,0.8,0.113,,-2.6,2.9,0.2,0.2
420,Wayne Selden,SG,24,TOT,56,996,8.3,0.503,0.39,0.204,2.7,8.6,5.6,11.8,1.2,0.8,13.4,17.6,,-0.5,0.6,0.1,0.007,,-3.3,-1.5,-4.8,-0.7
420,Wayne Selden,SG,24,MEM,32,455,8.9,0.495,0.391,0.18,3.9,7.1,5.5,12.5,1.1,1.3,11.7,19.5,,-0.2,0.4,0.2,0.019,,-3.2,-1.7,-5,-0.3
420,Wayne Selden,SG,24,CHI,24,541,7.7,0.511,0.388,0.23,1.6,9.9,5.8,11.1,1.3,0.3,15.2,16,,-0.3,0.2,0,-0.003,,-3.4,-1.4,-4.7,-0.4
421,Collin Sexton,PG,20,CLE,63,1927,10.3,0.488,0.207,0.22,2.5,8.9,5.6,15.1,0.9,0.1,12.2,25.2,,-1.2,-0.3,-1.5,-0.038,,-2.9,-3.5,-6.4,-2.1
422,Landry Shamet,SG-PG,21,TOT,62,1335,10.9,0.606,0.705,0.171,1.3,5.9,3.7,7.5,1.1,0.5,6.9,15.1,,1.9,0.8,2.7,0.097,,1.2,-2.2,-1.1,0.3
422,Landry Shamet,SG,21,PHI,54,1108,10.7,0.606,0.706,0.156,1.4,6,3.8,7.4,1,0.6,6.6,15,,1.6,0.7,2.2,0.097,,1.1,-2.3,-1.2,0.2
422,Landry Shamet,PG,21,LAC,8,227,11.7,0.611,0.701,0.254,1,5.4,3.3,8,1.7,0.3,8.6,15.2,,0.3,0.1,0.5,0.097,,1.7,-1.9,-0.2,0.1
423,Iman Shumpert,SG,28,TOT,47,1187,9.7,0.504,0.603,0.11,1.8,10.4,6,10.7,2,1.5,9.3,15,,0.3,1,1.3,0.051,,-0.9,0.2,-0.7,0.4
423,Iman Shumpert,SG,28,SAC,42,1099,10.1,0.511,0.58,0.118,1.7,10.4,6,10.7,2,1.5,9.4,15.1,,0.3,1,1.3,0.055,,-0.8,0.4,-0.4,0.4
423,Iman Shumpert,SG,28,HOU,5,88,5.4,0.4,0.92,0,2.5,9.3,5.8,11,1.7,1,7.4,13.3,,0,0,0,-0.002,,-2.8,-1.9,-4.7,-0.1
424,Pascal Siakam,PF,24,TOR,62,1963,18.7,0.631,0.22,0.336,5.4,18.2,11.9,13.5,1.5,1.8,12.1,19.8,,4.6,2.7,7.2,0.176,,2.1,1.7,3.7,2.8
425,Ben Simmons,PG,22,PHI,62,2118,20.1,0.586,0.005,0.459,7.1,21.2,14.4,35.2,1.8,1.7,20.1,22.3,,3.6,2.9,6.5,0.148,,1.4,2.7,4.1,3.3
426,Jonathon Simmons,SG-SF,29,TOT,48,941,7.4,0.449,0.294,0.274,2.8,9.8,6.3,15.8,1.2,1.2,15.1,18.9,,-1.1,0.9,-0.2,-0.008,,-4.7,-0.5,-5.2,-0.7
426,Jonathon Simmons,SG,29,ORL,41,845,7.5,0.445,0.29,0.252,2.9,9.9,6.4,15.9,1,1.4,15,19.3,,-1,0.8,-0.2,-0.013,,-4.8,-0.4,-5.3,-0.7
426,Jonathon Simmons,SF,29,PHI,7,96,7.1,0.488,0.333,0.542,2.3,8.7,5.6,15,2.5,0,16.8,15.6,,0,0.1,0.1,0.036,,-3.5,-0.9,-4.4,-0.1
427,Kobi Simmons,PG,21,CLE,1,2,0,,,,0,0,0,0,0,0,,0,,0,0,0,-0.033,,-6.4,-1,-7.4,0
428,Anfernee Simons,SG,19,POR,12,60,-6.1,0.28,0.36,0.16,0,12.1,6.2,8.9,0,0,20.7,23.8,,-0.4,0,-0.4,-0.294,,-13,-3.9,-16.9,-0.2
429,Marcus Smart,SG,24,BOS,62,1691,12.8,0.558,0.63,0.237,2.9,8.8,5.8,19.1,3,1.3,16.3,14.2,,1.7,2.5,4.2,0.119,,0.5,1.4,1.8,1.6
430,Dennis Smith,PG,21,TOT,43,1228,13,0.516,0.328,0.267,2.1,8.9,5.5,27.9,2.2,1.2,18,24,,-0.4,1.1,0.7,0.027,,-1.2,-0.5,-1.8,0.1
430,Dennis Smith,PG,21,DAL,32,908,11.6,0.527,0.35,0.23,2.2,9.2,5.7,24.4,2.1,1,20.3,23.2,,-0.6,0.9,0.3,0.017,,-2,-0.2,-2.2,0
430,Dennis Smith,PG,21,NYK,11,320,17,0.493,0.275,0.356,1.9,8.2,4.9,37.8,2.6,1.6,12.2,26,,0.2,0.2,0.4,0.057,,1.1,-1.6,-0.5,0.1
431,Ish Smith,PG,30,DET,35,772,10.3,0.49,0.34,0.117,1.1,9.9,5.4,22.3,0.9,0.9,11.6,19.2,,0.1,0.7,0.8,0.051,,-2.2,-1.1,-3.4,-0.3
432,J.R. Smith,SG,33,CLE,11,222,7.8,0.444,0.494,0.127,0,9.4,4.5,14,2.5,1.2,11.7,18.6,,-0.2,0.1,-0.2,-0.037,,-3.5,-1.8,-5.2,-0.2
433,Jason Smith,C-PF,32,TOT,18,170,10.4,0.507,0.38,0.28,8.9,21.7,15.3,10.2,0.8,3.5,17.6,17,,0,0.2,0.2,0.05,,-3.9,0.2,-3.8,-0.1
433,Jason Smith,C,32,WAS,12,130,11.7,0.52,0.27,0.324,9.1,22.4,15.6,12.3,0.4,3.3,14.2,16.1,,0.1,0.1,0.2,0.071,,-3.1,-0.2,-3.2,0
433,Jason Smith,PF,32,MIL,6,40,6.3,0.468,0.692,0.154,8.2,19.4,14.1,3.1,2.3,4.2,26.5,19.9,,-0.1,0.1,0,-0.018,,-6.7,1.2,-5.5,0
434,Tony Snell,SG,27,MIL,63,1102,10.8,0.587,0.579,0.122,2.4,8.9,5.8,6.8,1,1.1,5.6,12.9,,1.4,1.3,2.8,0.121,,-0.4,-0.4,-0.7,0.4
435,Ray Spalding,PF,21,DAL,1,1,0,,,,0,0,0,0,0,0,,0,,0,0,0,0.003,,-6.5,0.6,-5.9,0
436,Omari Spellman,PF,21,ATL,46,805,12.5,0.516,0.525,0.184,9.4,16.5,12.9,8.1,1.5,2.7,10.5,14.9,,0.6,0.5,1.2,0.07,,-1,-0.1,-1.1,0.2
437,Nik Stauskas,SG,25,TOT,50,750,10.2,0.532,0.548,0.167,1.9,11,6.5,11.6,1,0.5,13.4,17.7,,0.2,0.4,0.7,0.044,,-1.4,-2.1,-3.5,-0.3
437,Nik Stauskas,SG,25,POR,44,673,10.8,0.545,0.546,0.157,1.6,10.8,6.3,12.7,1,0.5,14,17.9,,0.3,0.5,0.8,0.055,,-1,-1.8,-2.8,-0.1
437,Nik Stauskas,SG,25,CLE,6,77,4.9,0.41,0.565,0.261,4.2,12,7.9,1.8,0.6,1.1,7.2,15.7,,-0.1,0,-0.1,-0.052,,-5.2,-4,-9.2,-0.1
438,D.J. Stephens,SG,28,MEM,1,7,5.6,0.5,0,0,0,0,0,0,7.1,0,33.3,19.3,,0,0,0,-0.114,,-10.1,2.5,-7.5,0
439,Lance Stephenson,SG,28,LAL,60,943,12.6,0.54,0.441,0.174,3,15.9,9.7,17.8,1.8,0.5,15.7,21,,0.1,1,1.1,0.057,,-1.4,-0.5,-1.9,0
440,Edmond Sumner,PG,23,IND,17,167,4.6,0.378,0.408,0.245,4.8,7.8,6.4,5.4,2.6,2.7,12.8,16.3,,-0.4,0.3,-0.1,-0.026,,-5.7,1.1,-4.6,-0.1
441,Caleb Swanigan,PF,21,POR,18,145,3.2,0.372,0.114,0.159,9.7,28,19.1,6.3,1.3,0,25.4,18.4,,-0.4,0.2,-0.3,-0.086,,-9,-0.6,-9.6,-0.3
442,Jayson Tatum,SF,20,BOS,63,1964,15.8,0.556,0.307,0.232,3.3,18.2,10.7,8.8,1.7,2.3,9.6,22.3,,1.6,3,4.6,0.112,,-1.1,0.7,-0.4,0.8
443,Jeff Teague,PG,30,MIN,37,1107,15.3,0.529,0.243,0.377,1.5,7.5,4.5,37.3,1.7,1.2,17.2,19.1,,1.5,0.6,2.1,0.091,,0,-2.2,-2.2,-0.1
444,Garrett Temple,SG,32,TOT,57,1682,8.5,0.545,0.543,0.199,1.3,10,5.6,7,1.6,1.6,11.1,13.7,,0.1,1.8,1.9,0.054,,-2,0.7,-1.3,0.3
444,Garrett Temple,SG,32,MEM,49,1530,8.7,0.551,0.543,0.196,1.3,10.1,5.6,6.8,1.6,1.6,11.4,14,,0.1,1.7,1.8,0.056,,-2,0.7,-1.2,0.3
444,Garrett Temple,SG,32,LAC,8,152,6.2,0.469,0.548,0.226,1.4,8.8,5.2,9.5,1.6,1.6,8.1,10.3,,0,0.1,0.1,0.041,,-2.1,0.2,-1.9,0
445,Milos Teodosic,PG,31,LAC,15,150,6.6,0.557,0.675,0.175,2.2,8.9,5.7,29.3,0.9,0.5,32.8,18.1,,-0.1,0.1,-0.1,-0.018,,-2.8,-3.1,-6,-0.1
446,Jared Terrell,SG,23,MIN,7,67,1.9,0.391,0.423,0.077,1.6,3.2,2.4,14.2,2.1,1.3,20.7,21.2,,-0.2,0,-0.2,-0.133,,-7.1,-2.7,-9.8,-0.1
447,Emanuel Terry,PF,22,TOT,3,23,19.8,0.571,0,0.571,14.2,19.9,17,12.3,6.2,0,18.6,20.1,,0,0,0.1,0.117,,-0.7,2.3,1.7,0
447,Emanuel Terry,PF,22,PHO,2,20,20,0.654,0,0.333,11,22.9,16.8,8,7.2,0,22.5,19.1,,0,0,0.1,0.128,,-1.2,2.9,1.7,0
447,Emanuel Terry,PF,22,MIA,1,3,18.5,0.266,0,2,35.7,0,17.9,40.6,0,0,0,26.8,,0,0,0,0.047,,3.1,-1.5,1.6,0
448,Daniel Theis,C,26,BOS,49,729,18.3,0.646,0.257,0.294,9.9,17.2,13.5,11,1.1,3.9,9.6,16.1,,2.1,1.1,3.2,0.21,,1.5,1.5,3,0.9
449,Isaiah Thomas,PG,29,DEN,6,95,8.4,0.508,0.472,0.302,3.4,4.6,4,14.4,0.5,0.9,17.8,32.6,,-0.2,0,-0.1,-0.063,,-3.7,-5.5,-9.1,-0.2
450,Khyri Thomas,SG,22,DET,19,163,7.7,0.472,0.592,0.184,1.9,9,5.3,5.3,1.8,2.1,5.4,14.7,,0,0.2,0.2,0.054,,-3.1,0,-3.1,0
451,Lance Thomas,PF,30,NYK,29,492,7.3,0.492,0.395,0.21,3.5,12.6,7.9,4.3,1.6,1,9.7,12.4,,0,0.3,0.2,0.024,,-3.4,-0.6,-3.9,-0.2
452,Klay Thompson,SG,28,GSW,61,2096,17,0.572,0.418,0.121,1.5,10.3,6.1,10,1.6,1.5,7.1,25.7,,2.5,1.7,4.2,0.096,,1.3,-2.2,-0.9,0.6
453,Tristan Thompson,C,27,CLE,35,1043,18.6,0.547,0,0.258,15.7,26.1,20.7,11.4,1.3,1.3,12,17.5,,1.8,0.5,2.4,0.109,,0.3,0.4,0.7,0.7
454,Sindarius Thornwell,SG,24,LAC,46,253,3.7,0.452,0.302,0.535,1.7,13,7.6,7.1,2.2,0.9,25.3,11.9,,-0.4,0.3,-0.1,-0.024,,-5.7,0.7,-5,-0.2
455,Anthony Tolliver,PF,33,MIN,45,692,9.3,0.618,0.851,0.217,1.7,14.5,8,4.2,0.9,1.7,12,12.1,,0.6,0.4,1,0.07,,-0.6,-1.1,-1.7,0
456,Karl-Anthony Towns,C,23,MIN,60,1995,26.2,0.622,0.28,0.341,10.9,29.1,19.9,16.5,1.3,4.5,13.1,27.8,,5.9,2.8,8.7,0.21,,4.9,2.2,7.1,4.6
457,Gary Trent,SG,20,POR,9,38,0.6,0.337,0.474,0.211,0,11,5.6,3.6,0,2.1,4.6,24.2,,-0.1,0,-0.1,-0.153,,-9,-4.7,-13.6,-0.1
458,Allonzo Trier,SG,23,NYK,55,1235,12.6,0.573,0.238,0.422,2.2,12.3,7.1,13,1,1,16.3,20.6,,0.6,0.4,1,0.041,,-1.9,-1.6,-3.5,-0.5
459,P.J. Tucker,PF,33,HOU,62,2174,9.4,0.55,0.716,0.133,4.7,15.3,9.8,4.8,2.3,1.1,10.6,9.8,,1.6,1.8,3.4,0.075,,-0.5,1.2,0.7,1.5
460,Evan Turner,PG,30,POR,57,1329,11.4,0.498,0.119,0.221,2.7,17.8,10.4,22.8,1,0.8,18.2,16.5,,0.2,1.2,1.5,0.053,,-2.6,0.6,-2.1,0
461,Myles Turner,C,22,IND,57,1609,18.1,0.572,0.227,0.227,5.1,21.3,13.4,8.1,1.4,8.9,11,20,,1.4,3.5,4.9,0.146,,-1.6,5,3.4,2.2
462,Ekpe Udoh,C,31,UTA,35,192,17.5,0.717,0,0.41,6.8,15.6,11.3,10.8,1,7.1,14.8,12,,0.4,0.3,0.8,0.196,,-1.1,4.4,3.3,0.3
463,Tyler Ulis,PG,23,CHI,1,1,0,,,,0,0,0,0,0,0,,0,,0,0,0,-0.012,,-6.7,-0.2,-6.9,0
464,Jonas Valanciunas,C,26,TOT,36,717,25,0.637,0.109,0.342,10.4,31.1,20.9,11.5,1,3.4,12,26.7,,1.9,1.3,3.2,0.214,,1,0.9,1.9,0.7
464,Jonas Valanciunas,C,26,TOR,30,564,24.6,0.639,0.116,0.363,10.5,30.6,20.7,8.5,1.1,3.4,11.5,25.7,,1.6,1,2.6,0.224,,0.7,0.5,1.3,0.5
464,Jonas Valanciunas,C,26,MEM,6,153,26.7,0.63,0.088,0.275,10.1,33.3,21.4,22.7,0.7,3.7,13.5,30.6,,0.3,0.3,0.6,0.18,,2.2,2,4.3,0.2
465,Jarred Vanderbilt,PF,19,DEN,6,18,11.1,0.222,0,0.8,18,54.4,36.2,6.7,5.4,5,22.8,20.6,,-0.1,0.1,0,-0.08,,-13.1,5.5,-7.6,0
466,Fred VanVleet,PG,24,TOR,51,1369,13.3,0.529,0.495,0.192,1.6,9.2,5.4,23.3,1.6,0.7,11.3,17.9,,1.7,1.4,3,0.106,,0.6,-0.7,0,0.7
467,Noah Vonleh,PF,23,NYK,62,1560,14.1,0.556,0.329,0.347,6.9,26.6,16.4,10.9,1.4,2.6,14.4,14.6,,1.4,1.6,3,0.093,,-1.4,1.8,0.5,1
468,Nikola Vucevic,C,28,ORL,63,1958,26,0.577,0.174,0.161,9.3,32.5,20.7,23.1,1.5,3.2,9.7,27.8,,4.4,3.7,8.1,0.198,,3.5,3.6,7.1,4.5
469,Dwyane Wade,SG,37,MIA,52,1330,15.3,0.508,0.284,0.246,3.9,12,7.9,27.2,1.4,1.8,14.4,27.2,,0.1,1.4,1.5,0.054,,-0.6,-0.4,-1,0.4
470,Moritz Wagner,C,21,LAL,24,155,12.6,0.538,0.492,0.231,6.2,16.9,11.7,9.1,1.8,1.5,15.4,22.6,,-0.1,0.2,0.1,0.043,,-2.4,-1.2,-3.6,-0.1
471,Dion Waiters,SG,27,MIA,24,584,10.5,0.508,0.592,0.107,0.7,10.8,5.8,18.7,1.2,0.5,12.5,20.4,,0,0.5,0.5,0.038,,-1.1,-1.8,-2.8,-0.1
472,Kemba Walker,PG,28,CHO,62,2153,21.3,0.558,0.451,0.258,1.8,11.7,6.7,27.9,1.9,1.1,10.2,31.1,,3.9,1.6,5.6,0.124,,4.9,-1.6,3.4,2.9
473,Lonnie Walker,SG,20,SAS,7,59,0.1,0.295,0.273,0.182,0,20.2,10.2,4.2,2.5,1.4,14.4,20.6,,-0.3,0.1,-0.2,-0.177,,-11.4,-0.8,-12.2,-0.2
474,John Wall,PG,28,WAS,32,1104,18,0.527,0.306,0.317,1.5,10.2,5.8,39.3,2.1,2.2,16.1,28.9,,0.5,0.7,1.2,0.051,,0.9,-1.1,-0.2,0.5
475,Tyrone Wallace,PG,24,LAC,49,504,7.5,0.443,0.084,0.275,3.9,12.5,8.3,8.6,1.7,1.1,10.7,18.8,,-0.6,0.4,-0.2,-0.016,,-5.2,-0.8,-6,-0.5
476,Taurean Waller-Prince,SF,24,ATL,41,1147,11.7,0.568,0.533,0.195,1.8,12.6,7.1,10.6,1.7,1.1,14,19.8,,0.4,0.6,1,0.041,,-0.7,-1.5,-2.2,-0.1
477,Brad Wanamaker,PG,29,BOS,27,250,14,0.623,0.431,0.208,0.8,10.7,5.8,20.2,1.7,0.4,15.1,16,,0.4,0.3,0.7,0.138,,-0.6,-1.5,-2.1,0
478,T.J. Warren,SF,25,PHO,43,1360,16.4,0.58,0.295,0.203,2.5,12,7.2,7.8,1.8,1.8,7.2,22.7,,1.6,0.5,2.2,0.077,,0.2,-1.8,-1.5,0.2
479,Julian Washburn,SF,27,MEM,7,110,1.6,0.241,0.421,0.211,4,16.8,10.3,3.7,1.8,0,12.6,9.7,,-0.3,0.1,-0.1,-0.052,,-8.3,0.5,-7.8,-0.2
480,Yuta Watanabe,SG,24,MEM,10,98,7,0.448,0.321,0.357,1.1,21.3,11,6.1,1,1,11,16.8,,-0.1,0.1,0,-0.007,,-7.3,-1.1,-8.4,-0.2
481,Thomas Welsh,C,22,DEN,9,33,13.6,0.643,0.7,0.2,0,13.2,6.6,16.6,0,0,8.4,15.3,,0.1,0,0.1,0.136,,0.9,-4,-3.1,0
482,Russell Westbrook,PG,30,OKC,54,1929,20.6,0.492,0.253,0.325,4.2,28.8,16.3,46.5,2.7,1,17.2,31.3,,0.6,3.8,4.4,0.11,,1.6,4.2,5.8,3.8
483,Derrick White,PG,24,SAS,49,1242,14.8,0.573,0.259,0.24,2.1,13.5,7.8,19.6,2.1,1.8,15,17.2,,1.3,1.2,2.5,0.098,,0.1,0.8,0.9,0.9
484,Okaro White,PF,26,WAS,3,6,-4.5,0,1,0,17.9,18.7,18.3,0,0,0,0,14.2,,0,0,0,-0.252,,-11.2,-8.2,-19.4,0
485,Hassan Whiteside,C,29,MIA,53,1346,22.5,0.547,0.03,0.369,15.9,35.9,25.9,5.7,1.5,7.2,11.4,22.5,,1.4,3.1,4.5,0.16,,-2.6,3.1,0.5,0.9
486,Andrew Wiggins,SF,23,MIN,56,1954,11.8,0.48,0.287,0.261,3.7,11.2,7.4,10.3,1.4,1.6,9.1,24.3,,-0.7,1.2,0.5,0.012,,-2.1,-1.2,-3.2,-0.6
487,Alan Williams,PF,26,BRK,3,17,25,0.512,0.125,0.5,18.8,69.3,44,20,0,0,9.3,26.7,,0,0,0.1,0.195,,-1.9,0.6,-1.3,0
488,C.J. Williams,SG,28,MIN,9,67,2.1,0.441,0.412,0,1.6,4.8,3.2,11.9,0.7,0,19,13.1,,-0.1,0,-0.1,-0.052,,-5.2,-3.1,-8.3,-0.1
489,Johnathan Williams,C,23,LAL,7,89,10.3,0.518,0,0.25,13.1,11.3,12.2,5.9,0.5,3.6,8.3,11.3,,0.1,0.1,0.2,0.099,,-2.3,0.7,-1.6,0
490,Kenrich Williams,SF,24,NOP,29,573,9.3,0.504,0.537,0.087,5.6,17.9,11.9,8.3,1.1,1.6,12,12.6,,0.2,0.4,0.6,0.052,,-1.6,0.1,-1.5,0.1
491,Lou Williams,SG,32,LAC,58,1534,21.2,0.552,0.255,0.427,1.9,9.5,5.8,33.8,1.2,0.4,11.8,32.6,,3,0.9,3.8,0.12,,3.2,-2.7,0.5,1
492,Marvin Williams,PF,32,CHO,61,1746,13,0.558,0.596,0.138,3.6,18.2,10.8,6.2,1.4,2.2,5.3,14.8,,2,1.6,3.6,0.1,,0.3,0.2,0.5,1.1
493,Robert Williams,C,21,BOS,26,221,19.8,0.74,0,0.286,10.6,17.9,14.2,3.1,1.3,12.9,16,11,,0.5,0.5,1,0.213,,-1.7,6.6,4.8,0.4
494,Troy Williams,SF,24,SAC,18,286,11.1,0.55,0.471,0.172,3.2,16.8,9.8,4.6,1.6,2.4,7.9,14.6,,0.2,0.3,0.5,0.079,,-2,0.1,-1.9,0
495,D.J. Wilson,PF,22,MIL,32,572,9.7,0.508,0.513,0.182,5.5,19.5,12.9,6.2,1,2.6,11.2,13.8,,0.1,1,1,0.087,,-2.9,1.3,-1.6,0.1
496,Justise Winslow,PF,22,MIA,55,1633,12.7,0.511,0.344,0.196,3.7,16.2,9.9,21.8,1.6,0.9,15.2,20.7,,0.2,1.9,2.2,0.064,,-1.1,0.7,-0.4,0.7
497,Christian Wood,PF,23,MIL,13,62,17.2,0.585,0.2,0.6,7,25.1,16.6,4.6,0,0,8.7,23.5,,0.1,0.1,0.2,0.15,,-3.3,-4,-7.3,-0.1
498,Delon Wright,PG,26,TOT,57,1112,13.8,0.515,0.31,0.209,4.5,11.5,8,17,2.3,1.5,10.9,17,,1,1.5,2.4,0.105,,-0.8,1.1,0.4,0.7
498,Delon Wright,PG,26,TOR,49,897,14.6,0.527,0.307,0.208,4.8,10.2,7.5,16.8,2.5,1.4,10.4,17,,1.1,1.2,2.3,0.12,,-0.1,1.1,1.1,0.7
498,Delon Wright,PG,26,MEM,8,215,10.3,0.464,0.323,0.215,3.6,16.7,10,17.7,1.6,1.8,13.4,17.2,,-0.1,0.3,0.2,0.04,,-3.7,1,-2.7,0
499,Guerschon Yabusele,PF,23,BOS,31,173,11.8,0.507,0.358,0.264,9.8,12.4,11.1,9.4,2,3.6,15.7,17.5,,0,0.3,0.3,0.083,,-2.6,1.2,-1.4,0
500,Nick Young,SG,33,DEN,4,37,2.4,0.5,0.889,0,0,2.9,1.5,6.8,0,2.4,18.2,12.6,,0,0,0,-0.02,,-4.2,-2.8,-7,0
501,Thaddeus Young,PF,30,IND,64,1946,16.8,0.572,0.152,0.164,9,14.4,11.7,11.1,2.6,1.4,11,18,,2.7,3.3,6,0.147,,1,2.2,3.2,2.6
502,Trae Young,PG,20,ATL,63,1953,15.6,0.534,0.389,0.322,2.2,9.7,5.9,39.3,1.3,0.6,18.9,27.8,,1.2,0.5,1.7,0.041,,0.8,-3.1,-2.3,-0.1
503,Cody Zeller,C,26,CHO,45,1147,17.6,0.623,0.068,0.432,9.8,19.7,14.6,12.1,1.4,2.9,13.8,16,,2.6,1.2,3.8,0.161,,0.7,1.7,2.4,1.3
504,Ante Zizic,C,22,CLE,45,775,15.7,0.578,0,0.388,10.4,23.8,16.8,6.5,0.7,1.9,13.1,18,,1.1,0.3,1.3,0.082,,-2.4,-1.5,-3.9,-0.4
505,Ivica Zubac,C,21,TOT,41,671,19,0.606,0,0.351,11.2,22.7,17.1,8.2,0.5,4.2,12.7,20.6,,1.3,0.8,2.1,0.154,,-1.5,0.5,-1,0.2
505,Ivica Zubac,C,21,LAL,33,516,19.6,0.633,0,0.342,11.1,21.1,16.2,7.2,0.4,4.2,12.9,20.5,,1.2,0.6,1.8,0.167,,-1.2,0.2,-1,0.1
505,Ivica Zubac,C,21,LAC,8,155,17.1,0.517,0,0.379,11.3,27.9,19.9,11.6,0.9,4.1,11.7,20.9,,0.1,0.2,0.4,0.111,,-2.6,1.6,-1,0
